name,primary_type,latitude,longitude,address,business_status,types,price_level,rating,reviews,user_ratings_total,operational_hours,phone_number,place_id,website_url,gmaps_url,origin_place
Cahaya Berkat Automotive,store,-6.3409154999999995,106.88736759999999,"Jl. Raya Klp. Dua Wetan No.8, RT.6/RW.8, Klp. Dua Wetan, Kec. Ciracas, Kota Jakarta Timur, Daerah Khusus Ibukota Jakarta 13730, Indonesia",OPERATIONAL,"['car_repair', 'store', 'point_of_interest', 'establishment']",,5.0,,321,"[{'open': {'day': 0, 'hour': 8, 'minute': 30}, 'close': {'day': 0, 'hour': 17, 'minute': 30}}, {'open': {'day': 2, 'hour': 8, 'minute': 30}, 'close': {'day': 2, 'hour': 17, 'minute': 30}}, {'open': {'day': 3, 'hour': 8, 'minute': 30}, 'close': {'day': 3, 'hour': 17, 'minute': 30}}, {'open': {'day': 4, 'hour': 8, 'minute': 30}, 'close': {'day': 4, 'hour': 17, 'minute': 30}}, {'open': {'day': 5, 'hour': 8, 'minute': 30}, 'close': {'day': 5, 'hour': 17, 'minute': 30}}, {'open': {'day': 6, 'hour': 8, 'minute': 30}, 'close': {'day': 6, 'hour': 17, 'minute': 30}}]",0812-2472-0600,ChIJ9cNjjODsaS4R1pB0BBpsp74,https://instagram.com/cahayaberkat.automotive?utm_medium=copy_link,https://maps.google.com/?cid=13738068047316685014,JAKARTA TIMUR - 5254864071202701311
Aki mobil solusi,car_repair,-6.3173296,106.8906113,"Gg. Saleh No.69, RT.4/RW.3, Ceger, Kec. Cipayung, Kota Jakarta Timur, Daerah Khusus Ibukota Jakarta 13820, Indonesia",OPERATIONAL,"['car_repair', 'point_of_interest', 'establishment']",,,,,"[{'open': {'day': 0, 'hour': 0, 'minute': 0}}]",,ChIJWQ_vX_7taS4RoSJ4HLNB2m4,,https://maps.google.com/?cid=7987769126627582625,JAKARTA TIMUR - 5254864071169146879
Bengkel Solo Jaya Motor,car_repair,-6.3287619999999993,106.88919600000001,"Jl. Bina Marga No.3, RT.6/RW.2, Cipayung, Kec. Cipayung, Kota Jakarta Timur, Daerah Khusus Ibukota Jakarta 13840, Indonesia",OPERATIONAL,"['car_repair', 'point_of_interest', 'establishment']",,,,,,(021) 97410846,ChIJSfdVoiLtaS4R5I4TFzqX7Xg,,https://maps.google.com/?cid=8713787129782832868,JAKARTA TIMUR - 5254864071169146879
Bengkel suwito,car_repair,-6.3363577,106.88741449999999,"Jl. Raya Klp. Dua Wetan No.18, RT.7/RW.4, Klp. Dua Wetan, Kec. Ciracas, Kota Jakarta Timur, Daerah Khusus Ibukota Jakarta 13730, Indonesia",OPERATIONAL,"['car_repair', 'point_of_interest', 'establishment']",,,,,,,ChIJuRVIXgDtaS4RiAVtWk-Ce48,,https://maps.google.com/?cid=10339000646890227080,JAKARTA TIMUR - 5254864071169146879
BENGKEL MOTOR PENDUYA,car_repair,-6.3168276,106.8846311,"Jl. Bungur No.51, RW.6, Rambutan, Kec. Ciracas, Kota Jakarta Timur, Daerah Khusus Ibukota Jakarta 13830, Indonesia",OPERATIONAL,"['car_repair', 'point_of_interest', 'establishment']",,,,,,,ChIJ6wQYOmvtaS4RfyoKDOEVRVg,,https://maps.google.com/?cid=6360514105044511359,JAKARTA TIMUR - 5254864071169146879
Bengkel amanah auto service ceger,car_repair,-6.3217381,106.891221,"MVHR+8F5, Jl. Bina Marga, RT.2/RW.4, Ceger, Kec. Cipayung, Kota Jakarta Timur, Daerah Khusus Ibukota Jakarta 13820, Indonesia",OPERATIONAL,"['car_repair', 'point_of_interest', 'establishment']",,,,,"[{'open': {'day': 1, 'hour': 8, 'minute': 0}, 'close': {'day': 1, 'hour': 18, 'minute': 0}}, {'open': {'day': 2, 'hour': 8, 'minute': 0}, 'close': {'day': 2, 'hour': 18, 'minute': 0}}, {'open': {'day': 3, 'hour': 8, 'minute': 0}, 'close': {'day': 3, 'hour': 18, 'minute': 0}}, {'open': {'day': 4, 'hour': 8, 'minute': 0}, 'close': {'day': 4, 'hour': 18, 'minute': 0}}, {'open': {'day': 5, 'hour': 8, 'minute': 0}, 'close': {'day': 5, 'hour': 18, 'minute': 0}}, {'open': {'day': 6, 'hour': 8, 'minute': 0}, 'close': {'day': 6, 'hour': 18, 'minute': 0}}]",,ChIJm6YTMwDtaS4RK6wpp4qUVYk,,https://maps.google.com/?cid=9895979079447456811,JAKARTA TIMUR - 5254864071169146879
Deden Bengkel Motor Bajaj Pulsar,car_repair,-6.333539,106.8788715,"Jl. Manunggal III No.13N 4, RT.7/RW.4, Klp. Dua Wetan, Ciracas Rambutan, Kota Jakarta Timur, Daerah Khusus Ibukota Jakarta 13730, Indonesia",OPERATIONAL,"['car_repair', 'point_of_interest', 'establishment']",,,,,"[{'open': {'day': 0, 'hour': 0, 'minute': 0}}]",0853-1468-9919,ChIJUW3cLADtaS4RLbrWOUd2NgM,,https://maps.google.com/?cid=231502479141288493,JAKARTA TIMUR - 5254864071169146879
Bengkel mobil,car_repair,-6.3257976,106.8966325,"Jl. Mandor Hasan gg. Albarkah No.96, RT.10/RW.1, Bambu Apus, Kec. Cipayung, Kota Jakarta Timur, Daerah Khusus Ibukota Jakarta 13860, Indonesia",OPERATIONAL,"['car_repair', 'point_of_interest', 'establishment']",,,,,"[{'open': {'day': 1, 'hour': 8, 'minute': 0}, 'close': {'day': 1, 'hour': 17, 'minute': 0}}, {'open': {'day': 2, 'hour': 8, 'minute': 0}, 'close': {'day': 2, 'hour': 17, 'minute': 0}}, {'open': {'day': 3, 'hour': 8, 'minute': 0}, 'close': {'day': 3, 'hour': 17, 'minute': 0}}, {'open': {'day': 4, 'hour': 8, 'minute': 0}, 'close': {'day': 4, 'hour': 17, 'minute': 0}}, {'open': {'day': 5, 'hour': 8, 'minute': 0}, 'close': {'day': 5, 'hour': 17, 'minute': 0}}, {'open': {'day': 6, 'hour': 8, 'minute': 0}, 'close': {'day': 6, 'hour': 17, 'minute': 0}}]",0831-0495-3102,ChIJV6o5m8LtaS4REV6mQb418t0,,https://maps.google.com/?cid=15992904318007533073,JAKARTA TIMUR - 5254864071169146879
Faza Bengkel,car_repair,-6.3572048999999993,106.87973,"Cibubur, Ciracas, East Jakarta City, Jakarta, Indonesia",OPERATIONAL,"['car_repair', 'point_of_interest', 'establishment']",,,,,,,ChIJmz4zHu3saS4RMfDCC1Uno24,,https://maps.google.com/?cid=7972259011598938161,JAKARTA TIMUR - 5254864071202701311
Larisma Motor,car_repair,-6.316857,106.884612,"Gg. Bungur IX, RT.009/RW.07, Kampung Rambutan, Kec. Ciracas, Kota Jakarta Timur, Daerah Khusus Ibukota Jakarta 13830, Indonesia",OPERATIONAL,"['car_repair', 'point_of_interest', 'establishment']",,3.0,,2,"[{'open': {'day': 0, 'hour': 6, 'minute': 0}, 'close': {'day': 0, 'hour': 23, 'minute': 0}}, {'open': {'day': 1, 'hour': 6, 'minute': 0}, 'close': {'day': 1, 'hour': 23, 'minute': 0}}, {'open': {'day': 2, 'hour': 6, 'minute': 0}, 'close': {'day': 2, 'hour': 23, 'minute': 0}}, {'open': {'day': 3, 'hour': 6, 'minute': 0}, 'close': {'day': 3, 'hour': 23, 'minute': 0}}, {'open': {'day': 4, 'hour': 6, 'minute': 0}, 'close': {'day': 4, 'hour': 23, 'minute': 0}}, {'open': {'day': 5, 'hour': 6, 'minute': 0}, 'close': {'day': 5, 'hour': 23, 'minute': 0}}, {'open': {'day': 6, 'hour': 6, 'minute': 0}, 'close': {'day': 6, 'hour': 23, 'minute': 0}}]",0812-8576-9072,ChIJ7YYMDgrtaS4RUxZ4m5XnaLk,,https://maps.google.com/?cid=13360182924339058259,JAKARTA TIMUR - 5254864071169146879
Servis ECU Mobil,car_repair,-6.3444256,106.8907877,"Gg. Kramat No.23, RT.4/RW.06, Munjul, Kec. Cipayung, Kota Jakarta Timur, Daerah Khusus Ibukota Jakarta 13840, Indonesia",OPERATIONAL,"['car_repair', 'point_of_interest', 'establishment']",,3.5,,8,"[{'open': {'day': 0, 'hour': 0, 'minute': 0}}]",0838-3627-5466,ChIJp20yBDztaS4RrcoO0hcS1Us,,https://maps.google.com/?cid=5464293616401697453,JAKARTA TIMUR - 5254864071202701311
Mekanik panggilan Bengkel mobil mustakim,car_repair,-6.3222137,106.8790167,"Bengkel mustakim, Jl. Mebel No.37 13, RT.13/RW.3, Ciracas, Kec. Ciracas, Kota Jakarta Timur, Daerah Khusus Ibukota Jakarta 13740, Indonesia",OPERATIONAL,"['car_repair', 'point_of_interest', 'establishment']",,4.0,,5,"[{'open': {'day': 0, 'hour': 0, 'minute': 0}}]",0815-9537-172,ChIJ__GOwp7taS4RZDB2BzjNPJc,,https://maps.google.com/?cid=10897810838856806500,JAKARTA TIMUR - 5254864071169146879
Bengkel Accu Asmoei,car_repair,-6.3456062,106.8785104,"Jl. Manggis B Blok B No.84 8, RT.8/RW.3, Klp. Dua Wetan, Kec. Ciracas, Kota Jakarta Timur, Daerah Khusus Ibukota Jakarta 13730, Indonesia",OPERATIONAL,"['car_repair', 'point_of_interest', 'establishment']",,4.0,,2,,(021) 8196918,ChIJCYst--TsaS4RWEsOMCL2-SU,,https://maps.google.com/?cid=2736488875299851096,JAKARTA TIMUR - 5254864071202701311
Bengkel BONPIS,car_repair,-6.336377,106.8903709,"jl.KADIH No.1, RT.1/RW.1, Cipayung, Kec. Cipayung, Kota Jakarta Timur, Daerah Khusus Ibukota Jakarta 13840, Indonesia",OPERATIONAL,"['car_repair', 'point_of_interest', 'establishment']",,4.5,,16,"[{'open': {'day': 0, 'hour': 0, 'minute': 0}}]",0813-2967-3358,ChIJJ5yla87taS4RzEa_Qm5c0pM,,https://maps.google.com/?cid=10651677697320634060,JAKARTA TIMUR - 5254864071169146879
Green Nitrogen Cipayung JakTim SPBU 3413808,car_repair,-6.3320833,106.8887812,"Jl. Cipayung Raya No.31 16, RT.16/RW.1, Cipayung, Kec. Cipayung, Kota Jakarta Timur, Daerah Khusus Ibukota Jakarta 13840, Indonesia",OPERATIONAL,"['car_repair', 'point_of_interest', 'establishment']",,4.5,,11,"[{'open': {'day': 0, 'hour': 0, 'minute': 0}}]",(021) 29286176,ChIJ84NBCCLtaS4RMZvGO55RC28,http://www.green-nitrogen.com/,https://maps.google.com/?cid=8001578903003372337,JAKARTA TIMUR - 5254864071169146879
Bengkel Mobil BOS Cipayung,car_repair,-6.3169251,106.8918721,"Jl. Bina Marga No.38, RT.4/RW.3, Ceger, Kec. Cipayung, Kota Jakarta Timur, Daerah Khusus Ibukota Jakarta 13820, Indonesia",OPERATIONAL,"['car_repair', 'car_wash', 'auto_parts_store', 'point_of_interest', 'store', 'establishment']",,4.5,,520,"[{'open': {'day': 0, 'hour': 8, 'minute': 0}, 'close': {'day': 0, 'hour': 21, 'minute': 0}}, {'open': {'day': 1, 'hour': 8, 'minute': 0}, 'close': {'day': 1, 'hour': 21, 'minute': 0}}, {'open': {'day': 2, 'hour': 8, 'minute': 0}, 'close': {'day': 2, 'hour': 21, 'minute': 0}}, {'open': {'day': 3, 'hour': 8, 'minute': 0}, 'close': {'day': 3, 'hour': 21, 'minute': 0}}, {'open': {'day': 4, 'hour': 8, 'minute': 0}, 'close': {'day': 4, 'hour': 21, 'minute': 0}}, {'open': {'day': 5, 'hour': 8, 'minute': 0}, 'close': {'day': 5, 'hour': 21, 'minute': 0}}, {'open': {'day': 6, 'hour': 8, 'minute': 0}, 'close': {'day': 6, 'hour': 21, 'minute': 0}}]",(021) 84594896,ChIJW3MGh0DtaS4RxhwKvElFaG0,,https://maps.google.com/?cid=7883627330701761734,JAKARTA TIMUR - 5254864071169146879
AUTO KAPITEN,car_repair,-6.3404428,106.8857721,"Jl. Raya Pkp JL. Kiwi, RT.2/RW.8, Klp. Dua Wetan, Kec. Ciracas, Kota Jakarta Timur, Daerah Khusus Ibukota Jakarta 13730, Indonesia",OPERATIONAL,"['car_wash', 'car_repair', 'point_of_interest', 'establishment']",,4.5,,40,"[{'open': {'day': 0, 'hour': 9, 'minute': 0}, 'close': {'day': 0, 'hour': 17, 'minute': 30}}, {'open': {'day': 1, 'hour': 9, 'minute': 0}, 'close': {'day': 1, 'hour': 17, 'minute': 30}}, {'open': {'day': 2, 'hour': 9, 'minute': 0}, 'close': {'day': 2, 'hour': 17, 'minute': 30}}, {'open': {'day': 3, 'hour': 9, 'minute': 0}, 'close': {'day': 3, 'hour': 17, 'minute': 30}}, {'open': {'day': 4, 'hour': 9, 'minute': 0}, 'close': {'day': 4, 'hour': 17, 'minute': 30}}, {'open': {'day': 5, 'hour': 9, 'minute': 0}, 'close': {'day': 5, 'hour': 17, 'minute': 30}}, {'open': {'day': 6, 'hour': 9, 'minute': 0}, 'close': {'day': 6, 'hour': 17, 'minute': 30}}]",0821-2478-5648,ChIJQTrtQvjtaS4RBhd4kRG2Elk,,https://maps.google.com/?cid=6418392605527643910,JAKARTA TIMUR - 5254864071202701311
Bengkel Radiator mobil dan aki mobil,car_repair,-6.3519045,106.8796766,"Gang 6 RT 007 RW 004 RT.1, RW.9, Cibubur, Kec. Ciracas, Kota Jakarta Timur, Daerah Khusus Ibukota Jakarta 13720, Indonesia",OPERATIONAL,"['car_repair', 'point_of_interest', 'establishment']",,4.5,,59,"[{'open': {'day': 0, 'hour': 0, 'minute': 0}}]",0857-7418-3772,ChIJezJGWe7saS4RxXktoWWruhU,,https://maps.google.com/?cid=1565752273448827333,JAKARTA TIMUR - 5254864071202701311
Bengkel Latip Motor,car_repair,-6.3401904,106.87631259999999,"Jl. Raya Pkp No.3, RT.3/RW.9, Klp. Dua Wetan, Kec. Ciracas, Kota Jakarta Timur, Daerah Khusus Ibukota Jakarta 13730, Indonesia",OPERATIONAL,"['car_repair', 'point_of_interest', 'establishment']",,4.5,,4,"[{'open': {'day': 0, 'hour': 8, 'minute': 0}, 'close': {'day': 0, 'hour': 22, 'minute': 30}}, {'open': {'day': 1, 'hour': 8, 'minute': 0}, 'close': {'day': 1, 'hour': 22, 'minute': 30}}, {'open': {'day': 2, 'hour': 8, 'minute': 0}, 'close': {'day': 2, 'hour': 22, 'minute': 30}}, {'open': {'day': 3, 'hour': 8, 'minute': 0}, 'close': {'day': 3, 'hour': 22, 'minute': 30}}, {'open': {'day': 4, 'hour': 8, 'minute': 0}, 'close': {'day': 4, 'hour': 22, 'minute': 30}}, {'open': {'day': 5, 'hour': 8, 'minute': 0}, 'close': {'day': 5, 'hour': 22, 'minute': 30}}, {'open': {'day': 6, 'hour': 8, 'minute': 0}, 'close': {'day': 6, 'hour': 22, 'minute': 30}}]",,ChIJDx9gK0jtaS4RvL3lLkIGwoE,,https://maps.google.com/?cid=9350042657698987452,JAKARTA TIMUR - 5254864071202701311
Bengkel cacink garage,car_repair,-6.3534242,106.8782432,"JVWH+J7Q, Jl. Masjid, RT.11/RW.4, Cibubur, Kec. Ciracas, Kota Jakarta Timur, Daerah Khusus Ibukota Jakarta 13710, Indonesia",OPERATIONAL,"['car_repair', 'point_of_interest', 'establishment']",,4.5,,4,,,ChIJpYn_N-7saS4RDVqoX53QlWc,,https://maps.google.com/?cid=7464101331769776653,JAKARTA TIMUR - 5254864071202701311
OLE DINAMO (BENGKEL DINAMO),car_repair,-6.3235709,106.88834,"MVGQ+H8G, RT.2/RW.6, Cipayung, East Jakarta City, Jakarta, Indonesia",OPERATIONAL,"['car_repair', 'point_of_interest', 'establishment']",,5.0,,12,"[{'open': {'day': 1, 'hour': 8, 'minute': 0}, 'close': {'day': 2, 'hour': 5, 'minute': 0}}, {'open': {'day': 2, 'hour': 8, 'minute': 0}, 'close': {'day': 3, 'hour': 5, 'minute': 0}}, {'open': {'day': 3, 'hour': 8, 'minute': 0}, 'close': {'day': 4, 'hour': 5, 'minute': 0}}, {'open': {'day': 4, 'hour': 8, 'minute': 0}, 'close': {'day': 5, 'hour': 5, 'minute': 0}}, {'open': {'day': 5, 'hour': 8, 'minute': 0}, 'close': {'day': 6, 'hour': 5, 'minute': 0}}, {'open': {'day': 6, 'hour': 8, 'minute': 0}, 'close': {'day': 0, 'hour': 5, 'minute': 0}}]",0896-2119-8474,ChIJD7LnipftaS4R_EyTd-VACl0,,https://maps.google.com/?cid=6704242349592235260,JAKARTA TIMUR - 5254864071169146879
MAMPIRLAH BENGKEL,car_repair,-6.3361184999999995,106.8789159,"Jl. Lengkeng No.30 8, RT.8/RW.2, Klp. Dua Wetan, Kec. Ciracas, Kota Jakarta Timur, Daerah Khusus Ibukota Jakarta 13730, Indonesia",OPERATIONAL,"['car_repair', 'point_of_interest', 'establishment']",,5.0,,9,"[{'open': {'day': 0, 'hour': 0, 'minute': 0}}]",0896-1860-9494,ChIJx6CiY4DtaS4ROkEd7gt5Xk0,,https://maps.google.com/?cid=5575026480877748538,JAKARTA TIMUR - 5254864071169146879
AMAY GARAGE SPEED,car_repair,-6.3359212,106.8889284,"MV7Q+JHM, Jl. Kav. Dki I, RT.16/RW.1, Cipayung, Kec. Cipayung, Kota Jakarta Timur, Daerah Khusus Ibukota Jakarta 13840, Indonesia",OPERATIONAL,"['car_repair', 'point_of_interest', 'establishment']",,5.0,,1,"[{'open': {'day': 1, 'hour': 0, 'minute': 0}, 'close': {'day': 6, 'hour': 0, 'minute': 0}}]",,ChIJrYYEEgDtaS4Rt5GoW4czmjU,,https://maps.google.com/?cid=3862456286874997175,JAKARTA TIMUR - 5254864071169146879
GARASI MOTOR (BENGKEL MOBIL),car_repair,-6.3202097,106.8933273,"Jl. Mandor Hasan, Ceger, Kec. Cipayung, Kota Jakarta Timur, Daerah Khusus Ibukota Jakarta 13820, Indonesia",OPERATIONAL,"['car_repair', 'point_of_interest', 'establishment']",,5.0,,22,"[{'open': {'day': 0, 'hour': 9, 'minute': 0}, 'close': {'day': 0, 'hour': 17, 'minute': 0}}, {'open': {'day': 1, 'hour': 9, 'minute': 0}, 'close': {'day': 1, 'hour': 17, 'minute': 0}}, {'open': {'day': 2, 'hour': 9, 'minute': 0}, 'close': {'day': 2, 'hour': 17, 'minute': 0}}, {'open': {'day': 3, 'hour': 9, 'minute': 0}, 'close': {'day': 3, 'hour': 17, 'minute': 0}}, {'open': {'day': 4, 'hour': 9, 'minute': 0}, 'close': {'day': 4, 'hour': 17, 'minute': 0}}, {'open': {'day': 5, 'hour': 13, 'minute': 0}, 'close': {'day': 5, 'hour': 17, 'minute': 0}}, {'open': {'day': 6, 'hour': 9, 'minute': 0}, 'close': {'day': 6, 'hour': 17, 'minute': 0}}]",0896-6242-6469,ChIJF3wi_-ntaS4RJ_11U_qzEAI,,https://maps.google.com/?cid=148816675426663719,JAKARTA TIMUR - 5254864071169146879
BENGKEL MCS (DODDY),car_repair,-6.3318404,106.8799155,"Jl. Manunggal No.92, RT.1/RW.2, Klp. Dua Wetan, Kec. Ciracas, Kota Jakarta Timur, Daerah Khusus Ibukota Jakarta 13730, Indonesia",OPERATIONAL,"['car_repair', 'point_of_interest', 'establishment']",,5.0,,2,,,ChIJa-lTaQDtaS4RT_4H0FYCvLo,,https://maps.google.com/?cid=13455632358556827215,JAKARTA TIMUR - 5254864071169146879
Bengkel dori ac mobil terdekat,car_repair,-6.3241429,106.88831809999999,"Jl. Bina Marga, Cipayung, Kec. Cipayung, Kota Jakarta Timur, Daerah Khusus Ibukota Jakarta, Indonesia",OPERATIONAL,"['car_repair', 'point_of_interest', 'establishment']",,5.0,,88,"[{'open': {'day': 0, 'hour': 8, 'minute': 30}, 'close': {'day': 0, 'hour': 20, 'minute': 30}}, {'open': {'day': 1, 'hour': 8, 'minute': 30}, 'close': {'day': 1, 'hour': 20, 'minute': 30}}, {'open': {'day': 2, 'hour': 8, 'minute': 30}, 'close': {'day': 2, 'hour': 20, 'minute': 30}}, {'open': {'day': 3, 'hour': 8, 'minute': 30}, 'close': {'day': 3, 'hour': 20, 'minute': 30}}, {'open': {'day': 4, 'hour': 8, 'minute': 30}, 'close': {'day': 4, 'hour': 20, 'minute': 30}}, {'open': {'day': 5, 'hour': 8, 'minute': 30}, 'close': {'day': 5, 'hour': 20, 'minute': 30}}, {'open': {'day': 6, 'hour': 8, 'minute': 30}, 'close': {'day': 6, 'hour': 20, 'minute': 30}}]",0818-0747-0907,ChIJhWUAcCDtaS4R7ilFGL4j0yk,,https://maps.google.com/?cid=3013791874998938094,JAKARTA TIMUR - 5254864071169146879
Bengkel Thermo,car_repair,-6.3355004,106.88709039999999,"Jl. Raya Klp. Dua Wetan Blok Angsor No.62, RT.7/RW.4, Klp. Dua Wetan, Kec. Ciracas, Kota Jakarta Timur, Daerah Khusus Ibukota Jakarta 13730, Indonesia",OPERATIONAL,"['car_repair', 'point_of_interest', 'establishment']",,5.0,,2,,,ChIJ2xo7yx3taS4RVzQG4cXMi6c,,https://maps.google.com/?cid=12072968376352650327,JAKARTA TIMUR - 5254864071169146879
Workshop bengkel Mobil Cakra Wicaksana,car_repair,-6.3225652,106.89502689999999,"Jl. Mandor Hasan Gg Albarkah No.96, RT.10/RW.1, Bambu Apus, Kec. Cipayung, Kota Jakarta Timur, Daerah Khusus Ibukota Jakarta 13890, Indonesia",OPERATIONAL,"['car_repair', 'point_of_interest', 'establishment']",,5.0,,10,"[{'open': {'day': 0, 'hour': 8, 'minute': 0}, 'close': {'day': 0, 'hour': 21, 'minute': 0}}, {'open': {'day': 1, 'hour': 8, 'minute': 0}, 'close': {'day': 1, 'hour': 21, 'minute': 0}}, {'open': {'day': 2, 'hour': 8, 'minute': 0}, 'close': {'day': 2, 'hour': 21, 'minute': 0}}, {'open': {'day': 3, 'hour': 8, 'minute': 0}, 'close': {'day': 3, 'hour': 21, 'minute': 0}}, {'open': {'day': 4, 'hour': 8, 'minute': 0}, 'close': {'day': 4, 'hour': 21, 'minute': 0}}, {'open': {'day': 5, 'hour': 8, 'minute': 0}, 'close': {'day': 5, 'hour': 21, 'minute': 0}}, {'open': {'day': 6, 'hour': 8, 'minute': 0}, 'close': {'day': 6, 'hour': 21, 'minute': 0}}]",0819-4324-0437,ChIJXeweC2vtaS4RjhDPO9XlK8k,https://instagram.com/workshop_mobil_cakra_wicaksana?igshid=cXV4YmFqZGNiZWly,https://maps.google.com/?cid=14495932529616294030,JAKARTA TIMUR - 5254864071169146879
Bengkel Sentra Motor KDW,car_repair,-6.3350497999999993,106.8862451,"Jl Rawa Bambon No.21A, Kelapa Dua Wetan RT 07 /04, RT.7/RW.4, Klp. Dua Wetan, Kec. Ciracas, Kota Jakarta Timur, Daerah Khusus Ibukota Jakarta 13270, Indonesia",OPERATIONAL,"['car_repair', 'point_of_interest', 'establishment']",,5.0,,12,"[{'open': {'day': 0, 'hour': 11, 'minute': 0}, 'close': {'day': 0, 'hour': 17, 'minute': 0}}, {'open': {'day': 1, 'hour': 8, 'minute': 0}, 'close': {'day': 1, 'hour': 17, 'minute': 0}}, {'open': {'day': 2, 'hour': 8, 'minute': 0}, 'close': {'day': 2, 'hour': 17, 'minute': 0}}, {'open': {'day': 3, 'hour': 8, 'minute': 0}, 'close': {'day': 3, 'hour': 17, 'minute': 0}}, {'open': {'day': 4, 'hour': 8, 'minute': 0}, 'close': {'day': 4, 'hour': 17, 'minute': 0}}, {'open': {'day': 5, 'hour': 8, 'minute': 0}, 'close': {'day': 5, 'hour': 17, 'minute': 0}}, {'open': {'day': 6, 'hour': 8, 'minute': 0}, 'close': {'day': 6, 'hour': 17, 'minute': 0}}]",0877-8116-7060,ChIJk3j-0bztaS4RJpPqoF9YTfo,http://www.youtube.com/c/pasmobil,https://maps.google.com/?cid=18036169250433569574,JAKARTA TIMUR - 5254864071169146879
Sumber Rejeki Motor,car_repair,-6.3161651,106.8922825,"Jl. Bina Marga No.4A, Ceger, Kec. Cipayung, Kota Jakarta Timur, Daerah Khusus Ibukota Jakarta 14220, Indonesia",OPERATIONAL,"['car_repair', 'point_of_interest', 'establishment']",,5.0,,1,"[{'open': {'day': 0, 'hour': 7, 'minute': 0}, 'close': {'day': 0, 'hour': 17, 'minute': 0}}, {'open': {'day': 1, 'hour': 7, 'minute': 0}, 'close': {'day': 1, 'hour': 20, 'minute': 0}}, {'open': {'day': 2, 'hour': 7, 'minute': 0}, 'close': {'day': 2, 'hour': 20, 'minute': 0}}, {'open': {'day': 3, 'hour': 7, 'minute': 0}, 'close': {'day': 3, 'hour': 20, 'minute': 0}}, {'open': {'day': 4, 'hour': 7, 'minute': 0}, 'close': {'day': 4, 'hour': 20, 'minute': 0}}, {'open': {'day': 5, 'hour': 7, 'minute': 0}, 'close': {'day': 5, 'hour': 20, 'minute': 0}}, {'open': {'day': 6, 'hour': 7, 'minute': 0}, 'close': {'day': 6, 'hour': 20, 'minute': 0}}]",,ChIJc7_UJQDtaS4R4cZBEfv4Ro4,,https://maps.google.com/?cid=10252155358965516001,JAKARTA TIMUR - 5254864071169146879
Auto best Ceger,car_repair,-6.3168345,106.89131700000002,"Jl. Bina Marga No.22, RT.4/RW.3, Ceger, Kec. Cipayung, Kota Jakarta Timur, Daerah Khusus Ibukota Jakarta 13820, Indonesia",OPERATIONAL,"['car_repair', 'point_of_interest', 'establishment']",,5.0,,8,"[{'open': {'day': 1, 'hour': 9, 'minute': 0}, 'close': {'day': 1, 'hour': 17, 'minute': 0}}, {'open': {'day': 2, 'hour': 9, 'minute': 0}, 'close': {'day': 2, 'hour': 17, 'minute': 0}}, {'open': {'day': 3, 'hour': 9, 'minute': 0}, 'close': {'day': 3, 'hour': 17, 'minute': 0}}, {'open': {'day': 4, 'hour': 9, 'minute': 0}, 'close': {'day': 4, 'hour': 17, 'minute': 0}}, {'open': {'day': 5, 'hour': 9, 'minute': 0}, 'close': {'day': 5, 'hour': 17, 'minute': 0}}, {'open': {'day': 6, 'hour': 9, 'minute': 0}, 'close': {'day': 6, 'hour': 15, 'minute': 0}}]",0812-1914-7226,ChIJnT91slPtaS4RsXTZFl922GM,,https://maps.google.com/?cid=7194630555501687985,JAKARTA TIMUR - 5254864071169146879
Bengkel las listrik 4 saudara,car_repair,-6.335381,106.88741639999999,"MV7P+RXV, Jl. Raya Klp. Dua Wetan, RT.7/RW.4, Klp. Dua Wetan, Kec. Ciracas, Kota Jakarta Timur, Daerah Khusus Ibukota Jakarta 13730, Indonesia",OPERATIONAL,"['car_repair', 'point_of_interest', 'establishment']",,5.0,,2,,0856-9500-3167,ChIJr9Gb1eztaS4RjTLQayTYyY8,,https://maps.google.com/?cid=10361050068681765517,JAKARTA TIMUR - 5254864071169146879
Rio Jaya Per,car_repair,-6.315886,106.8784902,"Jl. Pule No.14, RT.14/RW.10, Rambutan, Kec. Ciracas, Kota Jakarta Timur, Daerah Khusus Ibukota Jakarta 13740, Indonesia",OPERATIONAL,"['car_repair', 'point_of_interest', 'establishment']",,5.0,,7,"[{'open': {'day': 0, 'hour': 8, 'minute': 0}, 'close': {'day': 0, 'hour': 21, 'minute': 0}}, {'open': {'day': 1, 'hour': 8, 'minute': 0}, 'close': {'day': 1, 'hour': 21, 'minute': 0}}, {'open': {'day': 2, 'hour': 8, 'minute': 0}, 'close': {'day': 2, 'hour': 21, 'minute': 0}}, {'open': {'day': 3, 'hour': 8, 'minute': 0}, 'close': {'day': 3, 'hour': 21, 'minute': 0}}, {'open': {'day': 4, 'hour': 8, 'minute': 0}, 'close': {'day': 4, 'hour': 21, 'minute': 0}}, {'open': {'day': 5, 'hour': 8, 'minute': 0}, 'close': {'day': 5, 'hour': 21, 'minute': 0}}, {'open': {'day': 6, 'hour': 8, 'minute': 0}, 'close': {'day': 6, 'hour': 21, 'minute': 0}}]",0852-8306-7077,ChIJi-cFuMjtaS4RQhromj7Azc0,,https://maps.google.com/?cid=14829720523120319042,JAKARTA TIMUR - 5254864071169146879
Bengkel Mobil Bang Sirun,car_repair,-6.3249561,106.8884338,"Jl. Bina Marga No.7 1, RT.1/RW.6, Cipayung, Kec. Cipayung, Kota Jakarta Timur, Daerah Khusus Ibukota Jakarta 13840, Indonesia",OPERATIONAL,"['car_repair', 'point_of_interest', 'establishment']",,5.0,,7,"[{'open': {'day': 1, 'hour': 6, 'minute': 30}, 'close': {'day': 1, 'hour': 16, 'minute': 30}}, {'open': {'day': 2, 'hour': 6, 'minute': 30}, 'close': {'day': 2, 'hour': 16, 'minute': 30}}, {'open': {'day': 3, 'hour': 6, 'minute': 30}, 'close': {'day': 3, 'hour': 16, 'minute': 30}}, {'open': {'day': 4, 'hour': 6, 'minute': 30}, 'close': {'day': 4, 'hour': 16, 'minute': 30}}, {'open': {'day': 5, 'hour': 6, 'minute': 30}, 'close': {'day': 5, 'hour': 16, 'minute': 30}}]",0812-8769-3120,ChIJMYKALBbtaS4RQmvLzoLW2G8,,https://maps.google.com/?cid=8059427390483032898,JAKARTA TIMUR - 5254864071169146879
Scuto Cipayung Jakarta Timur,car_repair,-6.3334734999999993,106.89433659999999,"Jl. Cipayung Raya No.6 Blok T, RW.1, Cipayung, Kec. Cipayung, Kota Jakarta Timur, Daerah Khusus Ibukota Jakarta 13840, Indonesia",OPERATIONAL,"['car_wash', 'car_repair', 'store', 'point_of_interest', 'establishment']",,5.0,,76,"[{'open': {'day': 0, 'hour': 9, 'minute': 0}, 'close': {'day': 0, 'hour': 18, 'minute': 0}}, {'open': {'day': 1, 'hour': 9, 'minute': 0}, 'close': {'day': 1, 'hour': 18, 'minute': 0}}, {'open': {'day': 2, 'hour': 9, 'minute': 0}, 'close': {'day': 2, 'hour': 18, 'minute': 0}}, {'open': {'day': 3, 'hour': 9, 'minute': 0}, 'close': {'day': 3, 'hour': 18, 'minute': 0}}, {'open': {'day': 4, 'hour': 9, 'minute': 0}, 'close': {'day': 4, 'hour': 18, 'minute': 0}}, {'open': {'day': 5, 'hour': 9, 'minute': 0}, 'close': {'day': 5, 'hour': 18, 'minute': 0}}, {'open': {'day': 6, 'hour': 9, 'minute': 0}, 'close': {'day': 6, 'hour': 18, 'minute': 0}}]",0812-9299-4968,ChIJl2fix9TtaS4Re4MiCKEQJMU,https://instagram.com/scuto.cipayung?igshid=NGExMmI2YTkyZg==,https://maps.google.com/?cid=14205497408445645691,JAKARTA TIMUR - 5254864071169146879
HONDA WIN BEBAS ADVENTURE TRAIL INDONESIA,car_repair,-6.3345464,106.8762429,"Jl. Cipinang No.85, RT.10/RW.9, Klp. Dua Wetan, Kec. Ciracas, Kota Jakarta, Daerah Khusus Ibukota Jakarta 13730, Indonesia",OPERATIONAL,"['car_repair', 'point_of_interest', 'establishment']",,5.0,,8,"[{'open': {'day': 1, 'hour': 7, 'minute': 0}, 'close': {'day': 2, 'hour': 5, 'minute': 0}}, {'open': {'day': 2, 'hour': 7, 'minute': 0}, 'close': {'day': 3, 'hour': 5, 'minute': 0}}, {'open': {'day': 3, 'hour': 7, 'minute': 0}, 'close': {'day': 4, 'hour': 5, 'minute': 0}}, {'open': {'day': 4, 'hour': 7, 'minute': 0}, 'close': {'day': 5, 'hour': 5, 'minute': 0}}, {'open': {'day': 5, 'hour': 7, 'minute': 0}, 'close': {'day': 6, 'hour': 5, 'minute': 0}}, {'open': {'day': 6, 'hour': 7, 'minute': 0}, 'close': {'day': 0, 'hour': 5, 'minute': 0}}]",0895-1474-8616,ChIJ44YL3k3taS4RGy95De5NvqQ,,https://maps.google.com/?cid=11871011352618807067,JAKARTA TIMUR - 5254864071169146879
"UD,Hasil Bumi toni,kaca film mobil/kantor/dll",car_repair,-6.331798,106.88659439999999,"MV9P+7JQ, Jl. Raya Klp. Dua Wetan, RT.9/RW.4, Klp. Dua Wetan, Kec. Ciracas, Kota Jakarta Timur, Daerah Khusus Ibukota Jakarta 13540, Indonesia",OPERATIONAL,"['car_repair', 'point_of_interest', 'establishment']",,5.0,,1,"[{'open': {'day': 0, 'hour': 8, 'minute': 0}, 'close': {'day': 1, 'hour': 0, 'minute': 0}}, {'open': {'day': 1, 'hour': 8, 'minute': 0}, 'close': {'day': 2, 'hour': 0, 'minute': 0}}, {'open': {'day': 2, 'hour': 8, 'minute': 0}, 'close': {'day': 3, 'hour': 0, 'minute': 0}}, {'open': {'day': 3, 'hour': 8, 'minute': 0}, 'close': {'day': 4, 'hour': 0, 'minute': 0}}, {'open': {'day': 4, 'hour': 8, 'minute': 0}, 'close': {'day': 5, 'hour': 0, 'minute': 0}}, {'open': {'day': 5, 'hour': 8, 'minute': 0}, 'close': {'day': 6, 'hour': 0, 'minute': 0}}, {'open': {'day': 6, 'hour': 8, 'minute': 0}, 'close': {'day': 0, 'hour': 0, 'minute': 0}}]",0857-7489-3351,ChIJJ5HlhiXtaS4RPLrNRhEIPPQ,,https://maps.google.com/?cid=17598950314152409660,JAKARTA TIMUR - 5254864071169146879
Bengkel Addoel motor,car_repair,-6.320829,106.89333859999999,"Jl. Mandor Hasan No.5, RT.5/RW.4, Cipayung, Kec. Cipayung, Kota Jakarta Timur, Daerah Khusus Ibukota Jakarta 13840, Indonesia",OPERATIONAL,"['car_repair', 'point_of_interest', 'establishment']",,5.0,,1,"[{'open': {'day': 1, 'hour': 9, 'minute': 0}, 'close': {'day': 1, 'hour': 22, 'minute': 0}}, {'open': {'day': 2, 'hour': 9, 'minute': 0}, 'close': {'day': 2, 'hour': 22, 'minute': 0}}, {'open': {'day': 3, 'hour': 9, 'minute': 0}, 'close': {'day': 3, 'hour': 22, 'minute': 0}}, {'open': {'day': 4, 'hour': 9, 'minute': 0}, 'close': {'day': 4, 'hour': 22, 'minute': 0}}, {'open': {'day': 5, 'hour': 9, 'minute': 0}, 'close': {'day': 5, 'hour': 22, 'minute': 0}}, {'open': {'day': 6, 'hour': 9, 'minute': 0}, 'close': {'day': 6, 'hour': 23, 'minute': 0}}]",,ChIJq8cg2W7taS4R15yPfPl3MVI,,https://maps.google.com/?cid=5922646898389261527,JAKARTA TIMUR - 5254864071169146879
Bengkel motor tiga saudara,car_repair,-6.3367719,106.8812937,"Jl. Raya Pkp Jl. Anggur No.depan 3, RT.3/RW.12, Klp. Dua Wetan, Kec. Ciracas, Kota Jakarta Timur, Daerah Khusus Ibukota Jakarta 13740, Indonesia",OPERATIONAL,"['car_repair', 'point_of_interest', 'establishment']",,5.0,,1,"[{'open': {'day': 1, 'hour': 8, 'minute': 0}, 'close': {'day': 1, 'hour': 22, 'minute': 0}}, {'open': {'day': 2, 'hour': 8, 'minute': 0}, 'close': {'day': 2, 'hour': 22, 'minute': 0}}, {'open': {'day': 3, 'hour': 8, 'minute': 0}, 'close': {'day': 3, 'hour': 22, 'minute': 0}}, {'open': {'day': 4, 'hour': 8, 'minute': 0}, 'close': {'day': 4, 'hour': 22, 'minute': 0}}, {'open': {'day': 5, 'hour': 8, 'minute': 0}, 'close': {'day': 5, 'hour': 22, 'minute': 0}}, {'open': {'day': 6, 'hour': 9, 'minute': 0}, 'close': {'day': 6, 'hour': 22, 'minute': 0}}]",0812-9271-8348,ChIJd5Ha0h_taS4Rho96uS2OMAs,,https://maps.google.com/?cid=806300660335808390,JAKARTA TIMUR - 5254864071169146879
Bengkel kereta mini,car_repair,-6.332453,106.8806541,"Jl. Manunggal No.47, RT.14/RW.2, Klp. Dua Wetan, Kec. Ciracas, Kota Jakarta Timur, Daerah Khusus Ibukota Jakarta 13730, Indonesia",OPERATIONAL,"['car_repair', 'point_of_interest', 'establishment']",,5.0,,2,"[{'open': {'day': 1, 'hour': 8, 'minute': 0}, 'close': {'day': 1, 'hour': 17, 'minute': 0}}, {'open': {'day': 2, 'hour': 8, 'minute': 0}, 'close': {'day': 2, 'hour': 17, 'minute': 0}}, {'open': {'day': 3, 'hour': 8, 'minute': 0}, 'close': {'day': 3, 'hour': 17, 'minute': 0}}, {'open': {'day': 4, 'hour': 8, 'minute': 0}, 'close': {'day': 4, 'hour': 17, 'minute': 0}}, {'open': {'day': 5, 'hour': 8, 'minute': 0}, 'close': {'day': 5, 'hour': 19, 'minute': 0}}, {'open': {'day': 6, 'hour': 8, 'minute': 0}, 'close': {'day': 6, 'hour': 17, 'minute': 0}}]",0857-7032-3632,ChIJO932kVbtaS4Rwff5OaYhcHw,,https://maps.google.com/?cid=8966703855915628481,JAKARTA TIMUR - 5254864071169146879
RALIKA ARMORED DEFENCE,car_repair,-6.3324272000000006,106.88665689999999,"Jl. Raya Klp. Dua Wetan No.25, RT.3/RW.4, Klp. Dua Wetan, Kec. Ciracas, Kota Jakarta Timur, Daerah Khusus Ibukota Jakarta 13730, Indonesia",OPERATIONAL,"['car_repair', 'point_of_interest', 'establishment']",,5.0,,5,"[{'open': {'day': 1, 'hour': 8, 'minute': 0}, 'close': {'day': 1, 'hour': 16, 'minute': 0}}, {'open': {'day': 2, 'hour': 8, 'minute': 0}, 'close': {'day': 2, 'hour': 16, 'minute': 0}}, {'open': {'day': 3, 'hour': 8, 'minute': 0}, 'close': {'day': 3, 'hour': 16, 'minute': 0}}, {'open': {'day': 4, 'hour': 8, 'minute': 0}, 'close': {'day': 4, 'hour': 16, 'minute': 0}}, {'open': {'day': 5, 'hour': 5, 'minute': 0}, 'close': {'day': 5, 'hour': 16, 'minute': 0}}, {'open': {'day': 6, 'hour': 8, 'minute': 0}, 'close': {'day': 6, 'hour': 16, 'minute': 0}}]",,ChIJaxcMooPtaS4R8WV7Gl0Xox0,,https://maps.google.com/?cid=2135576336947439089,JAKARTA TIMUR - 5254864071169146879
ASIH MOTOR,car_repair,-6.3427902,106.8920582,"Jl. Malaka No.5A, RT.6/RW.6, Munjul, Kec. Cipayung, Kota Jakarta Timur, Daerah Khusus Ibukota Jakarta 13850, Indonesia",OPERATIONAL,"['car_repair', 'point_of_interest', 'establishment']",,5.0,,12,"[{'open': {'day': 0, 'hour': 0, 'minute': 0}}]",0812-9797-3425,ChIJyQ5Bx2PtaS4RjUbHCsl7SYk,,https://maps.google.com/?cid=9892574159895479949,JAKARTA TIMUR - 5254864071202701311
AM 55 BENGKEL MOBIL,car_repair,-6.3464763,106.88917769999999,"Jl. Malaka No.5, RT.5/RW.7, Klp. Dua Wetan, Kec. Ciracas, Kota Jakarta Timur, Daerah Khusus Ibukota Jakarta 13730, Indonesia",OPERATIONAL,"['car_repair', 'point_of_interest', 'establishment']",,5.0,,5,"[{'open': {'day': 0, 'hour': 8, 'minute': 0}, 'close': {'day': 0, 'hour': 18, 'minute': 0}}, {'open': {'day': 1, 'hour': 8, 'minute': 0}, 'close': {'day': 1, 'hour': 18, 'minute': 0}}, {'open': {'day': 2, 'hour': 8, 'minute': 0}, 'close': {'day': 2, 'hour': 18, 'minute': 0}}, {'open': {'day': 3, 'hour': 8, 'minute': 0}, 'close': {'day': 3, 'hour': 18, 'minute': 0}}, {'open': {'day': 4, 'hour': 8, 'minute': 0}, 'close': {'day': 4, 'hour': 18, 'minute': 0}}, {'open': {'day': 5, 'hour': 8, 'minute': 0}, 'close': {'day': 5, 'hour': 18, 'minute': 0}}, {'open': {'day': 6, 'hour': 8, 'minute': 0}, 'close': {'day': 6, 'hour': 18, 'minute': 0}}]",0838-9556-1526,ChIJu_jROErtaS4Ra-m8AW25GVA,,https://maps.google.com/?cid=5771848275283732843,JAKARTA TIMUR - 5254864071202701311
Bengkel pangilan,car_repair,-6.3409014,106.88734020000001,"MV5P+JWP, Jl. Raya Klp. Dua Wetan, RT.2/RW.8, Klp. Dua Wetan, Kec. Ciracas, Kota Jakarta Timur, Daerah Khusus Ibukota Jakarta 13730, Indonesia",OPERATIONAL,"['car_repair', 'point_of_interest', 'establishment']",,5.0,,1,"[{'open': {'day': 0, 'hour': 0, 'minute': 0}}]",0877-4827-4756,ChIJOwppTqLtaS4RWoK883IA0Yw,http://www.olx.com/,https://maps.google.com/?cid=10146891929157927514,JAKARTA TIMUR - 5254864071202701311
Bengkel AC Mobil,car_repair,-6.3456782,106.88929879999999,"MV3Q+PPF, RT.3/RW.1, Kelapa Dua Wetan, Ciracas, East Jakarta City, Jakarta 13730, Indonesia",OPERATIONAL,"['car_repair', 'point_of_interest', 'establishment']",,5.0,,2,"[{'open': {'day': 0, 'hour': 8, 'minute': 0}, 'close': {'day': 1, 'hour': 7, 'minute': 0}}, {'open': {'day': 1, 'hour': 8, 'minute': 0}, 'close': {'day': 2, 'hour': 7, 'minute': 0}}, {'open': {'day': 2, 'hour': 8, 'minute': 0}, 'close': {'day': 3, 'hour': 7, 'minute': 0}}, {'open': {'day': 3, 'hour': 8, 'minute': 0}, 'close': {'day': 4, 'hour': 7, 'minute': 0}}, {'open': {'day': 4, 'hour': 8, 'minute': 0}, 'close': {'day': 5, 'hour': 7, 'minute': 0}}, {'open': {'day': 5, 'hour': 8, 'minute': 0}, 'close': {'day': 6, 'hour': 7, 'minute': 0}}, {'open': {'day': 6, 'hour': 8, 'minute': 0}, 'close': {'day': 0, 'hour': 7, 'minute': 0}}]",0813-1815-3137,ChIJfWWSWADtaS4RreT2t1A8b_k,,https://maps.google.com/?cid=17973650955240400045,JAKARTA TIMUR - 5254864071202701311
Bengkel mobil tosca MTR Cibubur,car_repair,-6.3500938,106.8771269,"arundina, Jl. Lap. Tembak No.08 5, RT.5/RW.4, Cibubur, Kec. Ciracas, Kota Jakarta Timur, Daerah Khusus Ibukota Jakarta 13720, Indonesia",OPERATIONAL,"['car_repair', 'point_of_interest', 'establishment']",,5.0,,2,"[{'open': {'day': 0, 'hour': 8, 'minute': 0}, 'close': {'day': 0, 'hour': 16, 'minute': 30}}, {'open': {'day': 2, 'hour': 8, 'minute': 0}, 'close': {'day': 2, 'hour': 16, 'minute': 30}}, {'open': {'day': 3, 'hour': 8, 'minute': 0}, 'close': {'day': 3, 'hour': 16, 'minute': 30}}, {'open': {'day': 4, 'hour': 8, 'minute': 0}, 'close': {'day': 4, 'hour': 16, 'minute': 30}}, {'open': {'day': 5, 'hour': 8, 'minute': 0}, 'close': {'day': 5, 'hour': 16, 'minute': 30}}, {'open': {'day': 6, 'hour': 8, 'minute': 0}, 'close': {'day': 6, 'hour': 16, 'minute': 30}}]",0813-1476-7678,ChIJr4ZSUEvtaS4RUPaJQYG-V3A,,https://maps.google.com/?cid=8095148317581375056,JAKARTA TIMUR - 5254864071202701311
Ekspan Autocare,car_repair,-6.3402889999999994,106.8914846,"Rest Area KM 10 Cipayung, RT.7/RW.1, Cipayung, Kec. Cipayung, Kota Jakarta Timur, Daerah Khusus Ibukota Jakarta 13840, Indonesia",OPERATIONAL,"['car_repair', 'point_of_interest', 'establishment']",,5.0,,2,"[{'open': {'day': 0, 'hour': 0, 'minute': 0}}]",0838-7858-0888,ChIJ2zxMGXbtaS4R6paPWNTRflY,,https://maps.google.com/?cid=6232649644276422378,JAKARTA TIMUR - 5254864071202701311
Leman Motor (Bengkel Pak De),car_repair,-6.3430255,106.87909549999999,"9, RT.9/RW.8, Klp. Dua Wetan, Kec. Ciracas, Kota Jakarta Timur, Daerah Khusus Ibukota Jakarta 13730, Indonesia",OPERATIONAL,"['car_repair', 'point_of_interest', 'establishment']",,5.0,,2,"[{'open': {'day': 0, 'hour': 0, 'minute': 0}}]",0852-8454-9999,ChIJ8xjvuq3taS4R2V0U-5MEgHU,,https://maps.google.com/?cid=8466772333075652057,JAKARTA TIMUR - 5254864071202701311
Bengkel agus goeslaw,car_repair,-6.3584591999999995,106.8782327,"Jl. H. Ali Solihin Jl. Pinang II, RT.2/RW.10, Cibubur, Kec. Ciracas, Kota Jakarta Timur, Daerah Khusus Ibukota Jakarta 13720, Indonesia",OPERATIONAL,"['tailor', 'car_repair', 'point_of_interest', 'establishment']",,5.0,,12,"[{'open': {'day': 0, 'hour': 8, 'minute': 0}, 'close': {'day': 1, 'hour': 2, 'minute': 0}}, {'open': {'day': 1, 'hour': 8, 'minute': 30}, 'close': {'day': 2, 'hour': 2, 'minute': 0}}, {'open': {'day': 2, 'hour': 8, 'minute': 30}, 'close': {'day': 3, 'hour': 2, 'minute': 0}}, {'open': {'day': 3, 'hour': 8, 'minute': 30}, 'close': {'day': 4, 'hour': 2, 'minute': 0}}, {'open': {'day': 4, 'hour': 8, 'minute': 30}, 'close': {'day': 5, 'hour': 2, 'minute': 0}}, {'open': {'day': 5, 'hour': 8, 'minute': 30}, 'close': {'day': 6, 'hour': 2, 'minute': 0}}, {'open': {'day': 6, 'hour': 8, 'minute': 30}, 'close': {'day': 0, 'hour': 2, 'minute': 0}}]",0812-9456-0078,ChIJFziCUsXtaS4RJxumTtr2XZA,http://instagram.com/agusgoeslaw/,https://maps.google.com/?cid=10402742131778525991,JAKARTA TIMUR - 5254864071202701311
Wrapping sticker mobil cibubur,car_repair,-6.3497185,106.87652639999999,"Cibubur, Ciracas, East Jakarta City, Jakarta, Indonesia",OPERATIONAL,"['car_repair', 'point_of_interest', 'establishment']",,5.0,,20,"[{'open': {'day': 0, 'hour': 0, 'minute': 0}}]",0821-2540-4652,ChIJ8ZOM3AjtaS4R43u5X-d8akM,https://www.wrappingsticker.com/wrapping-sticker-mobil-cibubur/,https://maps.google.com/?cid=4857832481257782243,JAKARTA TIMUR - 5254864071202701311
Bengkel mobil setiawan,car_repair,-6.3514781,106.8930252,"Jl. Jankes AD No.7, RT.7/RW.1, Munjul, Kec. Cipayung, Kota Jakarta Timur, Daerah Khusus Ibukota Jakarta 13850, Indonesia",OPERATIONAL,"['car_repair', 'point_of_interest', 'establishment']",,5.0,,2,,0812-1967-3349,ChIJGQqILMXtaS4R1EdCCXqAEJc,,https://maps.google.com/?cid=10885341560984192980,JAKARTA TIMUR - 5254864071202701311
Bengkel Bari Malaka,car_repair,-6.3413632999999994,106.8949083,"Jl. Jambu Malaka No.37 12, RT.12/RW.4, Cilangkap, Kec. Cipayung, Kota Jakarta Timur, Daerah Khusus Ibukota Jakarta 13870, Indonesia",OPERATIONAL,"['car_repair', 'point_of_interest', 'establishment']",,5.0,,4,"[{'open': {'day': 0, 'hour': 0, 'minute': 0}}]",0895-6059-67897,ChIJzzeElnPtaS4R946mVXTDlg4,,https://maps.google.com/?cid=1051242467458191095,JAKARTA TIMUR - 5254864071202701311
Bengkel Mobil Pak Topik Cibubur,car_repair,-6.3396903,106.8868427,"Jl. H. Ba'in No.7a, RT.1/RW.8, Cibubur, Kec. Ciracas, Kota Jakarta Timur, Daerah Khusus Ibukota Jakarta 13730, Indonesia",OPERATIONAL,"['car_repair', 'point_of_interest', 'establishment']",,5.0,,1,"[{'open': {'day': 0, 'hour': 8, 'minute': 0}, 'close': {'day': 0, 'hour': 17, 'minute': 0}}, {'open': {'day': 1, 'hour': 8, 'minute': 0}, 'close': {'day': 1, 'hour': 17, 'minute': 0}}, {'open': {'day': 2, 'hour': 8, 'minute': 0}, 'close': {'day': 2, 'hour': 17, 'minute': 0}}, {'open': {'day': 3, 'hour': 8, 'minute': 0}, 'close': {'day': 3, 'hour': 17, 'minute': 0}}, {'open': {'day': 4, 'hour': 8, 'minute': 0}, 'close': {'day': 4, 'hour': 17, 'minute': 0}}, {'open': {'day': 6, 'hour': 8, 'minute': 0}, 'close': {'day': 6, 'hour': 17, 'minute': 0}}]",,ChIJr1iaS5btaS4Re2p9kP94Tq8,,https://maps.google.com/?cid=12632167043856951931,JAKARTA TIMUR - 5254864071202701311
BENGKEL REZA GANG CENDANA,car_repair,-6.3519948,106.8769899,"Jl. Cendana No.61, RT.4/RW.4, Cibubur, Kec. Ciracas, Kota Jakarta Timur, Daerah Khusus Ibukota Jakarta 13720, Indonesia",OPERATIONAL,"['car_repair', 'point_of_interest', 'establishment']",,5.0,,2,"[{'open': {'day': 0, 'hour': 0, 'minute': 0}}]",0898-0564-908,ChIJs9f3PO7saS4RQ4U-6apEkHU,http://jamdindingkarakteryuni.blogspot.co.id/?m=1,https://maps.google.com/?cid=8471346399932220739,JAKARTA TIMUR - 5254864071202701311
Bengkel diesel cibubur,car_repair,-6.3560871999999993,106.879792,"JVVH+HW7, Cibubur, Ciracas, East Jakarta City, Jakarta, Indonesia",OPERATIONAL,"['car_repair', 'point_of_interest', 'establishment']",,5.0,,1,,,ChIJtfIjzYrtaS4RNhWTN24rOFA,,https://maps.google.com/?cid=5780417874108814646,JAKARTA TIMUR - 5254864071202701311
"BENGKEL RUKUN USAHA,LAS KETOK DAN CAT DUKO(PAK UUN)",car_repair,-6.3573581,106.8781612,"Jl. Abdulrahman Jl. Blk. Duku No.13, RT.13/RW.10, Cibubur, Kec. Ciracas, Kota Jakarta Timur, Daerah Khusus Ibukota Jakarta 13720, Indonesia",OPERATIONAL,"['car_repair', 'point_of_interest', 'establishment']",,5.0,,5,,0858-0904-1083,ChIJ2-7_QO3saS4RxfPeNfiTT_I,,https://maps.google.com/?cid=17460336974603678661,JAKARTA TIMUR - 5254864071202701311
Vehicle repair shop Rest Area KM 10 A,car_repair,-6.3400868999999993,106.891126,"MV5R+XF6, RT.7/RW.1, Cipayung, East Jakarta City, Jakarta 13840, Indonesia",OPERATIONAL,"['car_repair', 'point_of_interest', 'establishment']",,5.0,,2,,,ChIJx69ert_saS4RNbEPC86-xkU,,https://maps.google.com/?cid=5027915826163855669,JAKARTA TIMUR - 5254864071202701311
Bengkel MOBIL SELAMAT RAMA MOTOR 2,car_repair,-6.3396412,106.8963388,"Jl. Malaka, RT.4/RW.5, Cilangkap, Kec. Cipayung, Kota Jakarta Timur, Daerah Khusus Ibukota Jakarta 13840, Indonesia",OPERATIONAL,"['car_repair', 'point_of_interest', 'establishment']",,5.0,,1,"[{'open': {'day': 0, 'hour': 8, 'minute': 0}, 'close': {'day': 0, 'hour': 17, 'minute': 0}}, {'open': {'day': 1, 'hour': 8, 'minute': 0}, 'close': {'day': 1, 'hour': 17, 'minute': 0}}, {'open': {'day': 2, 'hour': 8, 'minute': 0}, 'close': {'day': 2, 'hour': 17, 'minute': 0}}, {'open': {'day': 3, 'hour': 8, 'minute': 0}, 'close': {'day': 3, 'hour': 17, 'minute': 0}}, {'open': {'day': 4, 'hour': 8, 'minute': 0}, 'close': {'day': 4, 'hour': 17, 'minute': 0}}, {'open': {'day': 5, 'hour': 8, 'minute': 0}, 'close': {'day': 5, 'hour': 17, 'minute': 0}}, {'open': {'day': 6, 'hour': 8, 'minute': 0}, 'close': {'day': 6, 'hour': 17, 'minute': 0}}]",0852-2442-1413,ChIJXVbkdzrtaS4R7dD-x9RqABI,,https://maps.google.com/?cid=1297154154803679469,JAKARTA TIMUR - 5254864071202701311
Bengkel Mobil Arsitah,car_repair,-6.3398017,106.88105619999999,"Jl. Raya Pkp, RT.10 rw08/RW.no.37, Bengkel, arsitah, Kota Jakarta Timur, Daerah Khusus Ibukota Jakarta 13730, Indonesia",OPERATIONAL,"['car_repair', 'point_of_interest', 'establishment']",,5.0,,1,"[{'open': {'day': 0, 'hour': 8, 'minute': 0}, 'close': {'day': 0, 'hour': 16, 'minute': 0}}, {'open': {'day': 1, 'hour': 8, 'minute': 0}, 'close': {'day': 1, 'hour': 17, 'minute': 0}}, {'open': {'day': 2, 'hour': 8, 'minute': 0}, 'close': {'day': 2, 'hour': 17, 'minute': 0}}, {'open': {'day': 3, 'hour': 8, 'minute': 0}, 'close': {'day': 3, 'hour': 17, 'minute': 0}}, {'open': {'day': 4, 'hour': 8, 'minute': 0}, 'close': {'day': 4, 'hour': 17, 'minute': 0}}, {'open': {'day': 5, 'hour': 8, 'minute': 0}, 'close': {'day': 5, 'hour': 17, 'minute': 0}}, {'open': {'day': 6, 'hour': 8, 'minute': 0}, 'close': {'day': 6, 'hour': 17, 'minute': 0}}]",0857-1707-0336,ChIJAeet-7vtaS4RWINbX-dWAWw,,https://maps.google.com/?cid=7782597182810194776,JAKARTA TIMUR - 5254864071202701311
Bengkel Asep Badock,car_repair,-6.3451694,106.8955115,"Jl. Buni Jl. Mawar No.rt08/04, RT.8/RW.2, Munjul, Kec. Cipayung, Kota Jakarta Timur, Daerah Khusus Ibukota Jakarta 13850, Indonesia",OPERATIONAL,"['car_repair', 'point_of_interest', 'establishment']",,5.0,,3,"[{'open': {'day': 0, 'hour': 8, 'minute': 0}, 'close': {'day': 0, 'hour': 17, 'minute': 0}}, {'open': {'day': 1, 'hour': 8, 'minute': 0}, 'close': {'day': 1, 'hour': 17, 'minute': 0}}, {'open': {'day': 2, 'hour': 8, 'minute': 0}, 'close': {'day': 2, 'hour': 17, 'minute': 0}}, {'open': {'day': 3, 'hour': 8, 'minute': 0}, 'close': {'day': 3, 'hour': 17, 'minute': 0}}, {'open': {'day': 4, 'hour': 8, 'minute': 0}, 'close': {'day': 4, 'hour': 17, 'minute': 0}}, {'open': {'day': 5, 'hour': 8, 'minute': 0}, 'close': {'day': 5, 'hour': 17, 'minute': 0}}, {'open': {'day': 6, 'hour': 8, 'minute': 0}, 'close': {'day': 6, 'hour': 17, 'minute': 0}}]",0896-6751-0552,ChIJi1ZXxgjtaS4R3tN-bHdbmtE,,https://maps.google.com/?cid=15103484868819866590,JAKARTA TIMUR - 5254864071202701311
Bengkel Tadeus,car_repair,-6.3485678,106.8828054,"Jl. Pembangunan 3 No.1 1, RT.3/RW.6, Klp. Dua Wetan, Kec. Ciracas, Kota Jakarta Timur, Daerah Khusus Ibukota Jakarta 13730, Indonesia",OPERATIONAL,"['car_repair', 'point_of_interest', 'establishment']",,5.0,,3,"[{'open': {'day': 1, 'hour': 8, 'minute': 0}, 'close': {'day': 1, 'hour': 18, 'minute': 0}}, {'open': {'day': 2, 'hour': 8, 'minute': 0}, 'close': {'day': 2, 'hour': 18, 'minute': 0}}, {'open': {'day': 3, 'hour': 8, 'minute': 0}, 'close': {'day': 3, 'hour': 18, 'minute': 0}}, {'open': {'day': 4, 'hour': 8, 'minute': 0}, 'close': {'day': 4, 'hour': 18, 'minute': 0}}, {'open': {'day': 5, 'hour': 8, 'minute': 0}, 'close': {'day': 5, 'hour': 18, 'minute': 0}}, {'open': {'day': 6, 'hour': 8, 'minute': 0}, 'close': {'day': 6, 'hour': 18, 'minute': 0}}]",0895-6061-12917,ChIJUTgflf7taS4R4iIx6zOH4kU,,https://maps.google.com/?cid=5035735990412583650,JAKARTA TIMUR - 5254864071202701311
Bengkel Cat Mobil Miftah Motor,car_repair,-6.3420587,106.8787357,"Jl. Manunggal Raya No.19, RT.13/RW.8, Klp. Dua Wetan, Kec. Ciracas, Kota Jakarta Timur, Daerah Khusus Ibukota Jakarta 13730, Indonesia",OPERATIONAL,"['car_repair', 'point_of_interest', 'establishment']",,5.0,,3,"[{'open': {'day': 0, 'hour': 8, 'minute': 0}, 'close': {'day': 0, 'hour': 17, 'minute': 0}}, {'open': {'day': 1, 'hour': 8, 'minute': 0}, 'close': {'day': 1, 'hour': 17, 'minute': 0}}, {'open': {'day': 2, 'hour': 8, 'minute': 0}, 'close': {'day': 2, 'hour': 17, 'minute': 0}}, {'open': {'day': 3, 'hour': 8, 'minute': 0}, 'close': {'day': 3, 'hour': 17, 'minute': 0}}, {'open': {'day': 4, 'hour': 8, 'minute': 0}, 'close': {'day': 4, 'hour': 17, 'minute': 0}}, {'open': {'day': 5, 'hour': 8, 'minute': 0}, 'close': {'day': 5, 'hour': 17, 'minute': 0}}, {'open': {'day': 6, 'hour': 8, 'minute': 0}, 'close': {'day': 6, 'hour': 17, 'minute': 0}}]",0813-1936-9890,ChIJj31rCBztaS4R3Q302zIr_Vs,,https://maps.google.com/?cid=6628501723997801949,JAKARTA TIMUR - 5254864071202701311
Bengkel Horas Motor,car_repair,-6.3444246999999994,106.88333899999999,"MV4M+68P, Jl. Raya Klp. Dua Wetan, RT.8/RW.5, Klp. Dua Wetan, Kec. Ciracas, Kota Jakarta Timur, Daerah Khusus Ibukota Jakarta 13730, Indonesia",OPERATIONAL,"['car_repair', 'point_of_interest', 'establishment']",,5.0,,3,,,ChIJVbwGjODtaS4RSxFpIeBMhmI,,https://maps.google.com/?cid=7099446388113084747,JAKARTA TIMUR - 5254864071202701311
bengkel mobil spesialis matic,car_repair,-6.3310387,106.88618989999999,"Jl. Raya Klp. Dua Wetan No.29e, RT.3/RW.4, Klp. Dua Wetan, Kec. Ciracas, Kota Jakarta Timur, Daerah Khusus Ibukota Jakarta 14170, Indonesia",OPERATIONAL,"['car_repair', 'point_of_interest', 'establishment']",,1.0,,1,"[{'open': {'day': 1, 'hour': 8, 'minute': 0}, 'close': {'day': 1, 'hour': 19, 'minute': 0}}, {'open': {'day': 2, 'hour': 8, 'minute': 0}, 'close': {'day': 2, 'hour': 19, 'minute': 0}}, {'open': {'day': 3, 'hour': 8, 'minute': 0}, 'close': {'day': 3, 'hour': 19, 'minute': 0}}, {'open': {'day': 4, 'hour': 8, 'minute': 0}, 'close': {'day': 4, 'hour': 19, 'minute': 0}}, {'open': {'day': 5, 'hour': 8, 'minute': 0}, 'close': {'day': 5, 'hour': 19, 'minute': 0}}]",0877-7412-0679,ChIJN4XWYHrtaS4RhmLZBoCn77c,http://www.olx.com/,https://maps.google.com/?cid=13253996396687221382,JAKARTA TIMUR - 5254864071169146879
Joni Oil,car_repair,-6.3220928,106.8768503,"Jl. Raya Centex No.5 5, RW.10, Ciracas, Kec. Ciracas, Kota Jakarta Timur, Daerah Khusus Ibukota Jakarta 13740, Indonesia",OPERATIONAL,"['car_repair', 'point_of_interest', 'establishment']",,2.9,,10,"[{'open': {'day': 0, 'hour': 9, 'minute': 0}, 'close': {'day': 0, 'hour': 22, 'minute': 0}}, {'open': {'day': 1, 'hour': 9, 'minute': 0}, 'close': {'day': 1, 'hour': 22, 'minute': 0}}, {'open': {'day': 2, 'hour': 9, 'minute': 0}, 'close': {'day': 2, 'hour': 22, 'minute': 0}}, {'open': {'day': 3, 'hour': 9, 'minute': 0}, 'close': {'day': 3, 'hour': 22, 'minute': 0}}, {'open': {'day': 4, 'hour': 9, 'minute': 0}, 'close': {'day': 4, 'hour': 22, 'minute': 0}}, {'open': {'day': 5, 'hour': 9, 'minute': 0}, 'close': {'day': 5, 'hour': 22, 'minute': 0}}, {'open': {'day': 6, 'hour': 9, 'minute': 0}, 'close': {'day': 6, 'hour': 22, 'minute': 0}}]",,ChIJSZcoCBLtaS4RvzXvhH7TJns,,https://maps.google.com/?cid=8874012656129750463,JAKARTA TIMUR - 5254864071169146879
Auto Master,car_repair,-6.3168345,106.89131700000002,"Jl. Bina Marga No.22 4, RT.4/RW.3, Ceger, Kec. Cipayung, Kota Jakarta Timur, Daerah Khusus Ibukota Jakarta 13820, Indonesia",OPERATIONAL,"['car_repair', 'point_of_interest', 'establishment']",,4.3,,19,,(021) 8444305,ChIJFa2JfkDtaS4RsOLFyVxgH_Y,,https://maps.google.com/?cid=17734999809246749360,JAKARTA TIMUR - 5254864071169146879
Bengkel Volvo,car_repair,-6.3234407,106.89235889999999,"Jl. Masjid 3 No.11, RT.6/RW.6, Cipayung, Kec. Cipayung, Kota Jakarta Timur, Daerah Khusus Ibukota Jakarta 13840, Indonesia",OPERATIONAL,"['car_repair', 'point_of_interest', 'establishment']",,4.3,,4,"[{'open': {'day': 0, 'hour': 8, 'minute': 0}, 'close': {'day': 0, 'hour': 18, 'minute': 0}}, {'open': {'day': 1, 'hour': 8, 'minute': 0}, 'close': {'day': 1, 'hour': 18, 'minute': 0}}, {'open': {'day': 2, 'hour': 8, 'minute': 0}, 'close': {'day': 2, 'hour': 18, 'minute': 0}}, {'open': {'day': 3, 'hour': 8, 'minute': 0}, 'close': {'day': 3, 'hour': 18, 'minute': 0}}, {'open': {'day': 4, 'hour': 8, 'minute': 0}, 'close': {'day': 4, 'hour': 18, 'minute': 0}}, {'open': {'day': 5, 'hour': 8, 'minute': 0}, 'close': {'day': 5, 'hour': 18, 'minute': 0}}, {'open': {'day': 6, 'hour': 8, 'minute': 0}, 'close': {'day': 6, 'hour': 18, 'minute': 0}}]",0857-7028-8284,ChIJg2HWoJztaS4R2OBtRPzHmWk,,https://maps.google.com/?cid=7609332931712901336,JAKARTA TIMUR - 5254864071169146879
H. A 717 Bengkel One Stop,car_repair,-6.3430057,106.8910399,"Jl. Malaka No.21, RT.8/RW.4, Cipayung, Kec. Cipayung, Kota Jakarta Timur, Daerah Khusus Ibukota Jakarta 13840, Indonesia",OPERATIONAL,"['car_repair', 'point_of_interest', 'establishment']",,4.3,,6,,,ChIJHda0193saS4RtVVIlKNE4-8,,https://maps.google.com/?cid=17285735264136222133,JAKARTA TIMUR - 5254864071202701311
Bengkel Ucay - Qoyyim Motor,car_repair,-6.3242934,106.8931255,"Jl. Masjid Nurul Hidayah Jl. Masjid 3 No.73 A, RT.6/RW.6, Cipayung, Kec. Cipayung, Kota Jakarta Timur, Daerah Khusus Ibukota Jakarta 13840, Indonesia",OPERATIONAL,"['car_repair', 'point_of_interest', 'establishment']",,4.8,,9,"[{'open': {'day': 0, 'hour': 8, 'minute': 0}, 'close': {'day': 1, 'hour': 5, 'minute': 0}}, {'open': {'day': 1, 'hour': 8, 'minute': 0}, 'close': {'day': 2, 'hour': 5, 'minute': 0}}, {'open': {'day': 2, 'hour': 8, 'minute': 0}, 'close': {'day': 3, 'hour': 5, 'minute': 0}}, {'open': {'day': 3, 'hour': 8, 'minute': 0}, 'close': {'day': 4, 'hour': 5, 'minute': 0}}, {'open': {'day': 4, 'hour': 8, 'minute': 0}, 'close': {'day': 5, 'hour': 5, 'minute': 0}}, {'open': {'day': 5, 'hour': 8, 'minute': 0}, 'close': {'day': 6, 'hour': 5, 'minute': 0}}, {'open': {'day': 6, 'hour': 8, 'minute': 0}, 'close': {'day': 0, 'hour': 5, 'minute': 0}}]",0812-8941-2215,ChIJvexeajztaS4R53TyfyGeOFA,,https://maps.google.com/?cid=5780543988447737063,JAKARTA TIMUR - 5254864071169146879
Bengkel Cat Sugeng,car_repair,-6.326364,106.87577089999999,"11, Jl. Centex Raya No.30, RT.11/RW.2, Ciracas, Kec. Ciracas, Kota Jakarta Timur, Daerah Khusus Ibukota Jakarta 13740, Indonesia",OPERATIONAL,"['car_repair', 'point_of_interest', 'establishment']",,4.8,,90,"[{'open': {'day': 0, 'hour': 0, 'minute': 0}}]",0878-6449-3699,ChIJXXu19rftaS4Ra3Gbse6ppXk,https://instagram.com/bengkelcatsugeng?igshid=YmMyMTA2M2Y=,https://maps.google.com/?cid=8765599092393603435,JAKARTA TIMUR - 5254864071169146879
Bengkel Las & Cat Ketok Mandiri (Body Repair),car_repair,-6.3217396,106.88284990000001,"Jl. Penganten Ali III No.15D 7, RT.7/RW.6, Ciracas, Kec. Ciracas, Kota Jakarta Timur, Daerah Khusus Ibukota Jakarta 13740, Indonesia",OPERATIONAL,"['car_repair', 'point_of_interest', 'establishment']",,4.8,,23,"[{'open': {'day': 0, 'hour': 8, 'minute': 0}, 'close': {'day': 0, 'hour': 17, 'minute': 0}}, {'open': {'day': 1, 'hour': 8, 'minute': 0}, 'close': {'day': 1, 'hour': 17, 'minute': 0}}, {'open': {'day': 2, 'hour': 8, 'minute': 0}, 'close': {'day': 2, 'hour': 17, 'minute': 0}}, {'open': {'day': 3, 'hour': 8, 'minute': 0}, 'close': {'day': 3, 'hour': 17, 'minute': 0}}, {'open': {'day': 4, 'hour': 8, 'minute': 0}, 'close': {'day': 4, 'hour': 17, 'minute': 0}}, {'open': {'day': 5, 'hour': 8, 'minute': 0}, 'close': {'day': 5, 'hour': 17, 'minute': 0}}, {'open': {'day': 6, 'hour': 8, 'minute': 0}, 'close': {'day': 6, 'hour': 17, 'minute': 0}}]",0812-1242-3272,ChIJCS_xFertaS4RhBNw3R6dljo,,https://maps.google.com/?cid=4221734456596108164,JAKARTA TIMUR - 5254864071169146879
Bengkel Mobil Berkah Jaya Motor,car_repair,-6.324162900000001,106.8883685,"Depan Apartemen Sakura Garden, Jl. Bina Marga, Cipayung, Kec. Cipayung, Kota Jakarta Timur, Daerah Khusus Ibukota Jakarta 13840, Indonesia",OPERATIONAL,"['car_repair', 'point_of_interest', 'establishment']",,4.8,,4,"[{'open': {'day': 1, 'hour': 8, 'minute': 30}, 'close': {'day': 1, 'hour': 18, 'minute': 0}}, {'open': {'day': 2, 'hour': 8, 'minute': 30}, 'close': {'day': 2, 'hour': 18, 'minute': 0}}, {'open': {'day': 3, 'hour': 8, 'minute': 30}, 'close': {'day': 3, 'hour': 18, 'minute': 0}}, {'open': {'day': 4, 'hour': 8, 'minute': 30}, 'close': {'day': 4, 'hour': 18, 'minute': 0}}, {'open': {'day': 5, 'hour': 8, 'minute': 30}, 'close': {'day': 5, 'hour': 18, 'minute': 0}}, {'open': {'day': 6, 'hour': 8, 'minute': 30}, 'close': {'day': 6, 'hour': 18, 'minute': 0}}]",0857-1758-2599,ChIJG-nT4kLtaS4RgK9cSsTB-q8,https://wa.me/6285717582599,https://maps.google.com/?cid=12680660749620391808,JAKARTA TIMUR - 5254864071169146879
Bengkel Bagus Motor,car_repair,-6.332488,106.879857,"1, Jl. Manunggal No.14, RT.1/RW.2, Klp. Dua Wetan, Kec. Ciracas, Kota Jakarta Timur, Daerah Khusus Ibukota Jakarta 13730, Indonesia",OPERATIONAL,"['car_repair', 'point_of_interest', 'establishment']",,4.8,,4,"[{'open': {'day': 0, 'hour': 8, 'minute': 0}, 'close': {'day': 0, 'hour': 17, 'minute': 0}}, {'open': {'day': 1, 'hour': 8, 'minute': 0}, 'close': {'day': 1, 'hour': 17, 'minute': 0}}, {'open': {'day': 2, 'hour': 8, 'minute': 0}, 'close': {'day': 2, 'hour': 17, 'minute': 0}}, {'open': {'day': 3, 'hour': 8, 'minute': 0}, 'close': {'day': 3, 'hour': 17, 'minute': 0}}, {'open': {'day': 4, 'hour': 8, 'minute': 0}, 'close': {'day': 4, 'hour': 17, 'minute': 0}}, {'open': {'day': 5, 'hour': 8, 'minute': 0}, 'close': {'day': 5, 'hour': 17, 'minute': 0}}, {'open': {'day': 6, 'hour': 8, 'minute': 0}, 'close': {'day': 6, 'hour': 17, 'minute': 0}}]",0857-7032-3632,ChIJwTbLgRztaS4R0Zu_E4hFlg0,,https://maps.google.com/?cid=979046419748854737,JAKARTA TIMUR - 5254864071169146879
ERIKA JAYA MOTOR,car_repair,-6.3203577,106.88289669999999,"Jl. Pengantin Ali No.47, RT.10/RW.6, Ciracas, Kec. Ciracas, Kota Jakarta Timur, Daerah Khusus Ibukota Jakarta 13740, Indonesia",OPERATIONAL,"['car_repair', 'point_of_interest', 'establishment']",,4.8,,33,"[{'open': {'day': 0, 'hour': 8, 'minute': 0}, 'close': {'day': 0, 'hour': 22, 'minute': 0}}, {'open': {'day': 1, 'hour': 10, 'minute': 0}, 'close': {'day': 1, 'hour': 22, 'minute': 0}}, {'open': {'day': 2, 'hour': 10, 'minute': 0}, 'close': {'day': 2, 'hour': 22, 'minute': 0}}, {'open': {'day': 3, 'hour': 10, 'minute': 0}, 'close': {'day': 3, 'hour': 22, 'minute': 0}}, {'open': {'day': 4, 'hour': 10, 'minute': 0}, 'close': {'day': 4, 'hour': 22, 'minute': 0}}, {'open': {'day': 5, 'hour': 10, 'minute': 0}, 'close': {'day': 5, 'hour': 22, 'minute': 0}}, {'open': {'day': 6, 'hour': 8, 'minute': 0}, 'close': {'day': 6, 'hour': 22, 'minute': 0}}]",0813-8575-7569,ChIJ95LO8rbtaS4RbJRQv9PQntM,,https://maps.google.com/?cid=15248854996189484140,JAKARTA TIMUR - 5254864071169146879
Fera Motor,car_repair,-6.3330097,106.89528419999999,"Jl. Cilangkap Raya No.60 9, RT.9/RW.3, Cipayung, Kec. Cipayung, Kota Jakarta Timur, Daerah Khusus Ibukota Jakarta 13840, Indonesia",OPERATIONAL,"['car_repair', 'point_of_interest', 'establishment']",,4.8,,4,"[{'open': {'day': 1, 'hour': 8, 'minute': 0}, 'close': {'day': 1, 'hour': 22, 'minute': 0}}, {'open': {'day': 2, 'hour': 8, 'minute': 0}, 'close': {'day': 2, 'hour': 22, 'minute': 0}}, {'open': {'day': 3, 'hour': 8, 'minute': 0}, 'close': {'day': 3, 'hour': 22, 'minute': 0}}, {'open': {'day': 4, 'hour': 8, 'minute': 0}, 'close': {'day': 4, 'hour': 22, 'minute': 0}}, {'open': {'day': 5, 'hour': 8, 'minute': 0}, 'close': {'day': 5, 'hour': 22, 'minute': 0}}, {'open': {'day': 6, 'hour': 8, 'minute': 0}, 'close': {'day': 6, 'hour': 22, 'minute': 0}}]",0812-8246-4929,ChIJnXYCpCbtaS4R1tkDehINzdE,,https://maps.google.com/?cid=15117753897160268246,JAKARTA TIMUR - 5254864071169146879
Wahana Diesel (Servis Injection Pump),car_repair,-6.3215803,106.8818811,"Jl. Penganten Ali III No.43, RT.7/RW.6, Ciracas, Kec. Ciracas, Kota Jakarta Timur, Daerah Khusus Ibukota Jakarta 13740, Indonesia",OPERATIONAL,"['car_repair', 'point_of_interest', 'establishment']",,4.8,,18,"[{'open': {'day': 1, 'hour': 9, 'minute': 5}, 'close': {'day': 1, 'hour': 16, 'minute': 15}}, {'open': {'day': 2, 'hour': 9, 'minute': 5}, 'close': {'day': 2, 'hour': 16, 'minute': 15}}, {'open': {'day': 3, 'hour': 9, 'minute': 5}, 'close': {'day': 3, 'hour': 16, 'minute': 15}}, {'open': {'day': 4, 'hour': 9, 'minute': 5}, 'close': {'day': 4, 'hour': 16, 'minute': 15}}, {'open': {'day': 5, 'hour': 9, 'minute': 5}, 'close': {'day': 5, 'hour': 16, 'minute': 15}}, {'open': {'day': 6, 'hour': 9, 'minute': 5}, 'close': {'day': 6, 'hour': 16, 'minute': 15}}]",0811-103-061,ChIJAVXm1A7taS4Ra_4e2ICN7nY,,https://maps.google.com/?cid=8569942725453872747,JAKARTA TIMUR - 5254864071169146879
Prima Surya Autocare,car_repair,-6.3477923999999994,106.8751317,"Jl. Lap. Tembak No.17, Cibubur, Kec. Ciracas, Kota Jakarta Timur, Daerah Khusus Ibukota Jakarta 13720, Indonesia",OPERATIONAL,"['car_repair', 'point_of_interest', 'establishment']",,4.8,,29,"[{'open': {'day': 0, 'hour': 8, 'minute': 0}, 'close': {'day': 0, 'hour': 17, 'minute': 0}}, {'open': {'day': 1, 'hour': 8, 'minute': 0}, 'close': {'day': 1, 'hour': 17, 'minute': 0}}, {'open': {'day': 2, 'hour': 8, 'minute': 0}, 'close': {'day': 2, 'hour': 17, 'minute': 0}}, {'open': {'day': 3, 'hour': 8, 'minute': 0}, 'close': {'day': 3, 'hour': 17, 'minute': 0}}, {'open': {'day': 4, 'hour': 8, 'minute': 0}, 'close': {'day': 4, 'hour': 17, 'minute': 0}}, {'open': {'day': 5, 'hour': 8, 'minute': 0}, 'close': {'day': 5, 'hour': 17, 'minute': 0}}, {'open': {'day': 6, 'hour': 8, 'minute': 0}, 'close': {'day': 6, 'hour': 17, 'minute': 0}}]",0821-2189-5490,ChIJsyBQlvrsaS4RmXQJwJ8g1kA,,https://maps.google.com/?cid=4671957533937202329,JAKARTA TIMUR - 5254864071202701311
Mustika Motor,car_repair,-6.3398531999999994,106.8955896,"Jl. Malaka No.3A 9, RT.3/RW.8, Cipayung, Kec. Cipayung, Kota Jakarta Timur, Daerah Khusus Ibukota Jakarta 13870, Indonesia",OPERATIONAL,"['car_repair', 'point_of_interest', 'establishment']",,4.8,,4,"[{'open': {'day': 1, 'hour': 8, 'minute': 0}, 'close': {'day': 1, 'hour': 17, 'minute': 0}}, {'open': {'day': 2, 'hour': 8, 'minute': 0}, 'close': {'day': 2, 'hour': 17, 'minute': 0}}, {'open': {'day': 3, 'hour': 8, 'minute': 0}, 'close': {'day': 3, 'hour': 17, 'minute': 0}}, {'open': {'day': 4, 'hour': 8, 'minute': 0}, 'close': {'day': 4, 'hour': 17, 'minute': 0}}, {'open': {'day': 5, 'hour': 8, 'minute': 0}, 'close': {'day': 5, 'hour': 17, 'minute': 0}}, {'open': {'day': 6, 'hour': 8, 'minute': 0}, 'close': {'day': 6, 'hour': 17, 'minute': 0}}]",0812-8158-2444,ChIJW8YI3NjsaS4RuOx22R75YMQ,,https://maps.google.com/?cid=14150583940090883256,JAKARTA TIMUR - 5254864071202701311
Shop & Drive Arundina - Cibubur,car_repair,-6.3521842999999993,106.88584170000001,"Jl. Lap. Tembak Cibubur No.Kav 1 Blok B1, Arundina, Cibubur, Kec. Ciracas, Kota Jakarta Timur, Daerah Khusus Ibukota Jakarta 13720, Indonesia",OPERATIONAL,"['car_repair', 'point_of_interest', 'establishment']",,4.8,,99,"[{'open': {'day': 0, 'hour': 6, 'minute': 0}, 'close': {'day': 0, 'hour': 22, 'minute': 0}}, {'open': {'day': 1, 'hour': 6, 'minute': 0}, 'close': {'day': 1, 'hour': 22, 'minute': 0}}, {'open': {'day': 2, 'hour': 6, 'minute': 0}, 'close': {'day': 2, 'hour': 22, 'minute': 0}}, {'open': {'day': 3, 'hour': 6, 'minute': 0}, 'close': {'day': 3, 'hour': 22, 'minute': 0}}, {'open': {'day': 4, 'hour': 6, 'minute': 0}, 'close': {'day': 4, 'hour': 22, 'minute': 0}}, {'open': {'day': 5, 'hour': 6, 'minute': 0}, 'close': {'day': 5, 'hour': 22, 'minute': 0}}, {'open': {'day': 6, 'hour': 6, 'minute': 0}, 'close': {'day': 6, 'hour': 22, 'minute': 0}}]",0812-1555-0668,ChIJJ3VdEEmLaS4RQNuySM-bEI4,,https://maps.google.com/?cid=10236853267593354048,JAKARTA TIMUR - 5254864071202701311
Bengkel BOS Kelapa Dua Wetan,car_repair,-6.3449053,106.88317409999999,"8, Jl. Raya Klp. Dua Wetan No.87, RT.8/RW.1, Klp. Dua Wetan, Kec. Ciracas, Kota Jakarta Timur, Daerah Khusus Ibukota Jakarta 13730, Indonesia",OPERATIONAL,"['car_repair', 'point_of_interest', 'establishment']",,4.6,,349,"[{'open': {'day': 0, 'hour': 8, 'minute': 0}, 'close': {'day': 0, 'hour': 21, 'minute': 0}}, {'open': {'day': 1, 'hour': 8, 'minute': 0}, 'close': {'day': 1, 'hour': 21, 'minute': 0}}, {'open': {'day': 2, 'hour': 8, 'minute': 0}, 'close': {'day': 2, 'hour': 21, 'minute': 0}}, {'open': {'day': 3, 'hour': 8, 'minute': 0}, 'close': {'day': 3, 'hour': 21, 'minute': 0}}, {'open': {'day': 4, 'hour': 8, 'minute': 0}, 'close': {'day': 4, 'hour': 21, 'minute': 0}}, {'open': {'day': 5, 'hour': 8, 'minute': 0}, 'close': {'day': 5, 'hour': 21, 'minute': 0}}, {'open': {'day': 6, 'hour': 8, 'minute': 0}, 'close': {'day': 6, 'hour': 21, 'minute': 0}}]",(021) 22329045,ChIJFcDtDubsaS4Rc4aGk4Ykp9Y,http://www.bengkelbos.co.id/,https://maps.google.com/?cid=15467371605646542451,JAKARTA TIMUR - 5254864071202701311
Maryono Garage,car_repair,-6.3394372,106.8815673,"Jl. Raya Pkp No.7 1, RT.8/RW.12, Klp. Dua Wetan, Kec. Ciracas, Kota Jakarta Timur, Daerah Khusus Ibukota Jakarta 13730, Indonesia",OPERATIONAL,"['car_repair', 'point_of_interest', 'establishment']",,4.6,,13,"[{'open': {'day': 0, 'hour': 7, 'minute': 30}, 'close': {'day': 0, 'hour': 18, 'minute': 0}}, {'open': {'day': 1, 'hour': 7, 'minute': 30}, 'close': {'day': 1, 'hour': 18, 'minute': 0}}, {'open': {'day': 2, 'hour': 7, 'minute': 30}, 'close': {'day': 2, 'hour': 18, 'minute': 0}}, {'open': {'day': 3, 'hour': 7, 'minute': 30}, 'close': {'day': 3, 'hour': 18, 'minute': 0}}, {'open': {'day': 4, 'hour': 7, 'minute': 30}, 'close': {'day': 4, 'hour': 18, 'minute': 0}}, {'open': {'day': 5, 'hour': 7, 'minute': 30}, 'close': {'day': 5, 'hour': 18, 'minute': 0}}, {'open': {'day': 6, 'hour': 7, 'minute': 30}, 'close': {'day': 6, 'hour': 18, 'minute': 0}}]",0812-9427-0090,ChIJj3rfPeLsaS4RJ_IzfbaLUuw,,https://maps.google.com/?cid=17028826756942131751,JAKARTA TIMUR - 5254864071202701311
Bengkel Cahaya Putra,car_repair,-6.3395404,106.8877878,"No B Ciracas, Jl. Raya Klp. Dua Wetan Blok 1D No.17, RT.1/RW.8, Klp. Dua Wetan, Kec. Ciracas, DKI Jakarta, Daerah Khusus Ibukota Jakarta 13730, Indonesia",OPERATIONAL,"['car_repair', 'point_of_interest', 'establishment']",,4.6,,5,"[{'open': {'day': 0, 'hour': 8, 'minute': 0}, 'close': {'day': 0, 'hour': 17, 'minute': 0}}, {'open': {'day': 1, 'hour': 8, 'minute': 0}, 'close': {'day': 1, 'hour': 17, 'minute': 0}}, {'open': {'day': 2, 'hour': 8, 'minute': 0}, 'close': {'day': 2, 'hour': 17, 'minute': 0}}, {'open': {'day': 3, 'hour': 8, 'minute': 0}, 'close': {'day': 3, 'hour': 17, 'minute': 0}}, {'open': {'day': 4, 'hour': 8, 'minute': 0}, 'close': {'day': 4, 'hour': 17, 'minute': 0}}, {'open': {'day': 5, 'hour': 8, 'minute': 0}, 'close': {'day': 5, 'hour': 17, 'minute': 0}}, {'open': {'day': 6, 'hour': 8, 'minute': 0}, 'close': {'day': 6, 'hour': 17, 'minute': 0}}]",(0281) 1969412,ChIJYa4SbuDsaS4RBPFTijXBrFg,,https://maps.google.com/?cid=6389694407030075652,JAKARTA TIMUR - 5254864071202701311
bengkel motor KRC,car_repair,-6.3376816,106.87948999999999,"bengkel motor KRC, Jl. Masjid Nurul Hidayah Jl. Kp. Baru II No.RT07/12, RT.1/RW.9, NO:4, jakarta, Kota Jakarta Timur, Daerah Khusus Ibukota Jakarta 13730, Indonesia",OPERATIONAL,"['car_repair', 'point_of_interest', 'establishment']",,4.6,,14,"[{'open': {'day': 0, 'hour': 9, 'minute': 0}, 'close': {'day': 0, 'hour': 19, 'minute': 0}}, {'open': {'day': 1, 'hour': 9, 'minute': 0}, 'close': {'day': 1, 'hour': 19, 'minute': 0}}, {'open': {'day': 2, 'hour': 9, 'minute': 0}, 'close': {'day': 2, 'hour': 19, 'minute': 0}}, {'open': {'day': 3, 'hour': 9, 'minute': 0}, 'close': {'day': 3, 'hour': 19, 'minute': 0}}, {'open': {'day': 4, 'hour': 9, 'minute': 0}, 'close': {'day': 4, 'hour': 19, 'minute': 0}}, {'open': {'day': 5, 'hour': 12, 'minute': 30}, 'close': {'day': 5, 'hour': 20, 'minute': 0}}, {'open': {'day': 6, 'hour': 9, 'minute': 0}, 'close': {'day': 6, 'hour': 19, 'minute': 0}}]",0896-7900-0004,ChIJO_qbeR3taS4RcicChUdcGdI,,https://maps.google.com/?cid=15139233084626577266,JAKARTA TIMUR - 5254864071202701311
bengkel cat & bodykit cibubur,car_repair,-6.3520314,106.8897494,"Jl. Lap. Tembak Cibubur No.29, Klp. Dua Wetan, Kec. Ciracas, Jakarta, Daerah Khusus Ibukota Jakarta 13730, Indonesia",OPERATIONAL,"['car_repair', 'point_of_interest', 'establishment']",,4.6,,18,"[{'open': {'day': 0, 'hour': 7, 'minute': 0}, 'close': {'day': 0, 'hour': 18, 'minute': 0}}, {'open': {'day': 1, 'hour': 7, 'minute': 0}, 'close': {'day': 1, 'hour': 18, 'minute': 0}}, {'open': {'day': 2, 'hour': 7, 'minute': 0}, 'close': {'day': 2, 'hour': 18, 'minute': 0}}, {'open': {'day': 3, 'hour': 7, 'minute': 0}, 'close': {'day': 3, 'hour': 18, 'minute': 0}}, {'open': {'day': 4, 'hour': 7, 'minute': 0}, 'close': {'day': 4, 'hour': 18, 'minute': 0}}, {'open': {'day': 5, 'hour': 7, 'minute': 0}, 'close': {'day': 5, 'hour': 18, 'minute': 0}}, {'open': {'day': 6, 'hour': 7, 'minute': 0}, 'close': {'day': 6, 'hour': 18, 'minute': 0}}]",0813-8756-7261,ChIJ_d4m_a3taS4RRTh6iePiurw,,https://maps.google.com/?cid=13599431491690575941,JAKARTA TIMUR - 5254864071202701311
Bengkel Abay Custom,car_repair,-6.3526042,106.8936379,"Jl. H. Imun No.5 5, RT.5/RW.1, Munjul, Kec. Cipayung, Kota Jakarta Timur, Daerah Khusus Ibukota Jakarta 13850, Indonesia",OPERATIONAL,"['car_repair', 'point_of_interest', 'store', 'establishment']",,4.6,,41,"[{'open': {'day': 1, 'hour': 8, 'minute': 0}, 'close': {'day': 1, 'hour': 18, 'minute': 0}}, {'open': {'day': 2, 'hour': 8, 'minute': 0}, 'close': {'day': 2, 'hour': 18, 'minute': 0}}, {'open': {'day': 3, 'hour': 8, 'minute': 0}, 'close': {'day': 3, 'hour': 18, 'minute': 0}}, {'open': {'day': 4, 'hour': 8, 'minute': 0}, 'close': {'day': 4, 'hour': 18, 'minute': 0}}, {'open': {'day': 5, 'hour': 8, 'minute': 0}, 'close': {'day': 5, 'hour': 18, 'minute': 0}}, {'open': {'day': 6, 'hour': 8, 'minute': 0}, 'close': {'day': 6, 'hour': 18, 'minute': 0}}]",0838-7747-7934,ChIJ13Em48PsaS4RVAR59NkEBb0,,https://maps.google.com/?cid=13620297982207919188,JAKARTA TIMUR - 5254864071202701311
Bengkel Restu,car_repair,-6.3279628,106.88141379999999,"Jl. Raya Ciracas No.15 A 10, RT.10/RW.6, Ciracas, Kec. Ciracas, Kota Jakarta Timur, Daerah Khusus Ibukota Jakarta 13740, Indonesia",OPERATIONAL,"['car_repair', 'point_of_interest', 'establishment']",,3.7,,6,"[{'open': {'day': 0, 'hour': 8, 'minute': 0}, 'close': {'day': 0, 'hour': 17, 'minute': 0}}, {'open': {'day': 1, 'hour': 8, 'minute': 0}, 'close': {'day': 1, 'hour': 17, 'minute': 0}}, {'open': {'day': 2, 'hour': 8, 'minute': 0}, 'close': {'day': 2, 'hour': 17, 'minute': 0}}, {'open': {'day': 3, 'hour': 8, 'minute': 0}, 'close': {'day': 3, 'hour': 17, 'minute': 0}}, {'open': {'day': 4, 'hour': 8, 'minute': 0}, 'close': {'day': 4, 'hour': 17, 'minute': 0}}, {'open': {'day': 5, 'hour': 8, 'minute': 0}, 'close': {'day': 5, 'hour': 17, 'minute': 0}}, {'open': {'day': 6, 'hour': 8, 'minute': 0}, 'close': {'day': 6, 'hour': 17, 'minute': 0}}]",,ChIJkTGNChrtaS4RTzyAWN88MXY,,https://maps.google.com/?cid=8516655300294491215,JAKARTA TIMUR - 5254864071169146879
Roby Motor,car_repair,-6.3270655000000007,106.8825823,"10, Jl. Penganten Ali IX No.26, RT.6/RW.6, Ciracas, Kec. Ciracas, Kota Jakarta Timur, Daerah Khusus Ibukota Jakarta 13740, Indonesia",OPERATIONAL,"['car_repair', 'point_of_interest', 'establishment']",,4.4,,88,"[{'open': {'day': 1, 'hour': 8, 'minute': 0}, 'close': {'day': 2, 'hour': 4, 'minute': 0}}, {'open': {'day': 2, 'hour': 8, 'minute': 0}, 'close': {'day': 3, 'hour': 4, 'minute': 0}}, {'open': {'day': 3, 'hour': 8, 'minute': 0}, 'close': {'day': 4, 'hour': 4, 'minute': 0}}, {'open': {'day': 4, 'hour': 8, 'minute': 0}, 'close': {'day': 5, 'hour': 4, 'minute': 0}}, {'open': {'day': 5, 'hour': 8, 'minute': 0}, 'close': {'day': 6, 'hour': 4, 'minute': 0}}, {'open': {'day': 6, 'hour': 8, 'minute': 0}, 'close': {'day': 0, 'hour': 4, 'minute': 0}}]",0812-8408-4379,ChIJF0p2yRDtaS4RpG10J6oB7Dg,,https://maps.google.com/?cid=4101655190945688996,JAKARTA TIMUR - 5254864071169146879
Bike Point Edoy Motor,car_repair,-6.3331162999999995,106.8952021,"Jl. Cilangkap Raya No.104C 9, RT.9/RW.3, Cipayung, Kec. Cipayung, Kota Jakarta Timur, Daerah Khusus Ibukota Jakarta 13840, Indonesia",OPERATIONAL,"['car_repair', 'point_of_interest', 'establishment']",,4.4,,115,"[{'open': {'day': 0, 'hour': 8, 'minute': 0}, 'close': {'day': 1, 'hour': 6, 'minute': 0}}, {'open': {'day': 1, 'hour': 8, 'minute': 0}, 'close': {'day': 2, 'hour': 6, 'minute': 0}}, {'open': {'day': 2, 'hour': 8, 'minute': 0}, 'close': {'day': 3, 'hour': 6, 'minute': 0}}, {'open': {'day': 3, 'hour': 8, 'minute': 0}, 'close': {'day': 4, 'hour': 6, 'minute': 0}}, {'open': {'day': 4, 'hour': 8, 'minute': 0}, 'close': {'day': 5, 'hour': 6, 'minute': 0}}, {'open': {'day': 5, 'hour': 8, 'minute': 0}, 'close': {'day': 6, 'hour': 6, 'minute': 0}}, {'open': {'day': 6, 'hour': 8, 'minute': 0}, 'close': {'day': 0, 'hour': 6, 'minute': 0}}]",0812-1979-7869,ChIJTXfvrybtaS4R9jyRNAqYrbM,,https://maps.google.com/?cid=12947171673359072502,JAKARTA TIMUR - 5254864071169146879
Auto Cibubur,car_repair,-6.3523530999999993,106.8893796,"1, Jl. Lap. Tembak No.55, RT.3/RW.6, Cibubur, Kec. Ciracas, Kota Jakarta Timur, Daerah Khusus Ibukota Jakarta 13720, Indonesia",OPERATIONAL,"['car_repair', 'point_of_interest', 'establishment']",,4.4,,279,"[{'open': {'day': 0, 'hour': 8, 'minute': 0}, 'close': {'day': 0, 'hour': 17, 'minute': 0}}, {'open': {'day': 1, 'hour': 8, 'minute': 0}, 'close': {'day': 1, 'hour': 17, 'minute': 0}}, {'open': {'day': 2, 'hour': 8, 'minute': 0}, 'close': {'day': 2, 'hour': 17, 'minute': 0}}, {'open': {'day': 3, 'hour': 8, 'minute': 0}, 'close': {'day': 3, 'hour': 17, 'minute': 0}}, {'open': {'day': 4, 'hour': 8, 'minute': 0}, 'close': {'day': 4, 'hour': 17, 'minute': 0}}, {'open': {'day': 5, 'hour': 8, 'minute': 0}, 'close': {'day': 5, 'hour': 17, 'minute': 0}}, {'open': {'day': 6, 'hour': 8, 'minute': 0}, 'close': {'day': 6, 'hour': 17, 'minute': 0}}]",0878-7745-4579,ChIJyWLiEcLsaS4Rlp-51PI4NfI,http://autocibubur.com/,https://maps.google.com/?cid=17452918546546401174,JAKARTA TIMUR - 5254864071202701311
Bengkel Siliwangi Auto|Bengkel Body Repair Terdekat|BengkelCat Mobil Murah|Bengkel Cat|Bengkel las ketok|Bengkel Mesin Mobil,car_repair,-6.3230657999999993,106.88751859999999,"Siliwangi auto, Jl. Bina Marga Jl. Pintu Air No.112, RT.2/RW.6, Cipayung, Kec. Cipayung, Kota Jakarta Timur, Daerah Khusus Ibukota Jakarta 13840, Indonesia",OPERATIONAL,"['car_repair', 'point_of_interest', 'establishment']",,4.9,,141,"[{'open': {'day': 0, 'hour': 8, 'minute': 0}, 'close': {'day': 0, 'hour': 20, 'minute': 0}}, {'open': {'day': 1, 'hour': 8, 'minute': 0}, 'close': {'day': 1, 'hour': 20, 'minute': 0}}, {'open': {'day': 2, 'hour': 8, 'minute': 0}, 'close': {'day': 2, 'hour': 20, 'minute': 0}}, {'open': {'day': 3, 'hour': 8, 'minute': 0}, 'close': {'day': 3, 'hour': 20, 'minute': 0}}, {'open': {'day': 4, 'hour': 8, 'minute': 0}, 'close': {'day': 4, 'hour': 20, 'minute': 0}}, {'open': {'day': 6, 'hour': 8, 'minute': 0}, 'close': {'day': 6, 'hour': 18, 'minute': 0}}]",0831-0495-3102,ChIJfftAFavtaS4RAMemCNGI7BA,https://www.waze.com/,https://maps.google.com/?cid=1219500030485251840,JAKARTA TIMUR - 5254864071169146879
V6 Autoworks,car_repair,-6.3195720999999994,106.8834017,"Jl. Pengantin Ali No.31 10 6, RT.3/RW.6, Ciracas, Kec. Ciracas, Kota Jakarta Timur, Daerah Khusus Ibukota Jakarta 13730, Indonesia",OPERATIONAL,"['car_repair', 'point_of_interest', 'establishment']",,4.9,,25,"[{'open': {'day': 0, 'hour': 9, 'minute': 0}, 'close': {'day': 0, 'hour': 17, 'minute': 0}}, {'open': {'day': 1, 'hour': 9, 'minute': 0}, 'close': {'day': 1, 'hour': 17, 'minute': 0}}, {'open': {'day': 2, 'hour': 9, 'minute': 0}, 'close': {'day': 2, 'hour': 17, 'minute': 0}}, {'open': {'day': 3, 'hour': 9, 'minute': 0}, 'close': {'day': 3, 'hour': 17, 'minute': 0}}, {'open': {'day': 4, 'hour': 9, 'minute': 0}, 'close': {'day': 4, 'hour': 17, 'minute': 0}}, {'open': {'day': 5, 'hour': 9, 'minute': 0}, 'close': {'day': 5, 'hour': 17, 'minute': 0}}, {'open': {'day': 6, 'hour': 9, 'minute': 0}, 'close': {'day': 6, 'hour': 17, 'minute': 0}}]",0812-8070-8869,ChIJnxsVhRTtaS4RWHl2hm4aeh4,,https://maps.google.com/?cid=2196096830301174104,JAKARTA TIMUR - 5254864071169146879
RPM Motor,car_repair,-6.3301396,106.8863983,"Jl. Raya Klp. Dua Wetan No.48, RT.3/RW.4, Klp. Dua Wetan, Kec. Ciracas, Kota Jakarta Timur, Daerah Khusus Ibukota Jakarta 13730, Indonesia",OPERATIONAL,"['car_repair', 'point_of_interest', 'establishment']",,4.9,,19,"[{'open': {'day': 1, 'hour': 7, 'minute': 30}, 'close': {'day': 1, 'hour': 16, 'minute': 30}}, {'open': {'day': 2, 'hour': 7, 'minute': 30}, 'close': {'day': 2, 'hour': 16, 'minute': 30}}, {'open': {'day': 3, 'hour': 7, 'minute': 30}, 'close': {'day': 3, 'hour': 16, 'minute': 30}}, {'open': {'day': 4, 'hour': 7, 'minute': 30}, 'close': {'day': 4, 'hour': 16, 'minute': 30}}, {'open': {'day': 5, 'hour': 7, 'minute': 30}, 'close': {'day': 5, 'hour': 16, 'minute': 30}}, {'open': {'day': 6, 'hour': 7, 'minute': 30}, 'close': {'day': 6, 'hour': 16, 'minute': 30}}]",(021) 8704041,ChIJi6sr9hjtaS4RtJLgW9tscv4,,https://maps.google.com/?cid=18334836722373792436,JAKARTA TIMUR - 5254864071169146879
BENGKEL MOBIL & BAN HA717CARSTOP,car_repair,-6.343128000000001,106.8910306,"Jl. Malaka No.18, RT.7/RW.7, Munjul, Kec. Cipayung, Kota Jakarta Timur, Daerah Khusus Ibukota Jakarta 13850, Indonesia",OPERATIONAL,"['car_repair', 'point_of_interest', 'establishment']",,4.9,,151,"[{'open': {'day': 0, 'hour': 7, 'minute': 30}, 'close': {'day': 0, 'hour': 17, 'minute': 0}}, {'open': {'day': 1, 'hour': 7, 'minute': 30}, 'close': {'day': 1, 'hour': 17, 'minute': 0}}, {'open': {'day': 2, 'hour': 7, 'minute': 30}, 'close': {'day': 2, 'hour': 17, 'minute': 0}}, {'open': {'day': 3, 'hour': 7, 'minute': 30}, 'close': {'day': 3, 'hour': 17, 'minute': 0}}, {'open': {'day': 4, 'hour': 7, 'minute': 30}, 'close': {'day': 4, 'hour': 17, 'minute': 0}}, {'open': {'day': 5, 'hour': 7, 'minute': 30}, 'close': {'day': 5, 'hour': 17, 'minute': 0}}, {'open': {'day': 6, 'hour': 7, 'minute': 30}, 'close': {'day': 6, 'hour': 17, 'minute': 0}}]",0811-9059-909,ChIJq5qOBiHtaS4Robt3QDs8RWo,,https://maps.google.com/?cid=7657592966595722145,JAKARTA TIMUR - 5254864071202701311
Bengkel Haska Motor (Pak Ridwan),car_repair,-6.340382,106.8776695,"Jl. Raya Pkp No.3, RT.3/RW.9, Klp. Dua Wetan, Kec. Ciracas, Kota Jakarta Timur, Daerah Khusus Ibukota Jakarta 13730, Indonesia",OPERATIONAL,"['car_repair', 'point_of_interest', 'establishment']",,4.9,,9,"[{'open': {'day': 0, 'hour': 7, 'minute': 0}, 'close': {'day': 0, 'hour': 18, 'minute': 0}}, {'open': {'day': 1, 'hour': 7, 'minute': 0}, 'close': {'day': 1, 'hour': 18, 'minute': 0}}, {'open': {'day': 2, 'hour': 7, 'minute': 0}, 'close': {'day': 2, 'hour': 18, 'minute': 0}}, {'open': {'day': 3, 'hour': 7, 'minute': 0}, 'close': {'day': 3, 'hour': 18, 'minute': 0}}, {'open': {'day': 4, 'hour': 7, 'minute': 0}, 'close': {'day': 4, 'hour': 18, 'minute': 0}}, {'open': {'day': 5, 'hour': 7, 'minute': 0}, 'close': {'day': 5, 'hour': 18, 'minute': 0}}, {'open': {'day': 6, 'hour': 7, 'minute': 0}, 'close': {'day': 6, 'hour': 18, 'minute': 0}}]",0813-1142-4487,ChIJ688wLv3saS4R3iA9eqeDIJ0,,https://maps.google.com/?cid=11322194218543030494,JAKARTA TIMUR - 5254864071202701311
Bengkel Peugeot Bowo Auto,car_repair,-6.339693,106.87983039999999,"Jl. Raya Pkp No.8 2, RT.2/RW.12, Klp. Dua Wetan, Kec. Ciracas, Kota Jakarta Timur, Daerah Khusus Ibukota Jakarta 13730, Indonesia",OPERATIONAL,"['car_repair', 'point_of_interest', 'establishment']",,4.9,,34,,0813-8434-4519,ChIJIa7iX-LsaS4Rg7gnIKcrHTA,,https://maps.google.com/?cid=3466975284944156803,JAKARTA TIMUR - 5254864071202701311
Bengkel Mobil Mantab,car_repair,-6.3401141,106.87794149999999,"Jl. Raya Pkp No.12, RT.9/RW.12, Cibubur, Kec. Ciracas, Kota Jakarta Timur, Daerah Khusus Ibukota Jakarta 13730, Indonesia",OPERATIONAL,"['car_repair', 'point_of_interest', 'establishment']",,4.9,,14,"[{'open': {'day': 0, 'hour': 8, 'minute': 0}, 'close': {'day': 0, 'hour': 17, 'minute': 0}}, {'open': {'day': 1, 'hour': 8, 'minute': 0}, 'close': {'day': 1, 'hour': 17, 'minute': 0}}, {'open': {'day': 2, 'hour': 8, 'minute': 0}, 'close': {'day': 2, 'hour': 17, 'minute': 0}}, {'open': {'day': 3, 'hour': 8, 'minute': 0}, 'close': {'day': 3, 'hour': 17, 'minute': 0}}, {'open': {'day': 4, 'hour': 8, 'minute': 0}, 'close': {'day': 4, 'hour': 17, 'minute': 0}}, {'open': {'day': 5, 'hour': 8, 'minute': 0}, 'close': {'day': 5, 'hour': 17, 'minute': 0}}, {'open': {'day': 6, 'hour': 8, 'minute': 0}, 'close': {'day': 6, 'hour': 17, 'minute': 0}}]",0813-8805-3930,ChIJia_UwuLsaS4R8bJq9eWdNJs,,https://maps.google.com/?cid=11183737385658266353,JAKARTA TIMUR - 5254864071202701311
Bengkel Pak Slamet,car_repair,-6.3537745,106.87910439999999,"Jl. Cibubur VI No.20 4, RT.10/RW.4, Cibubur, Kec. Ciracas, Kota Jakarta Timur, Daerah Khusus Ibukota Jakarta 13720, Indonesia",OPERATIONAL,"['car_repair', 'point_of_interest', 'establishment']",,4.9,,17,"[{'open': {'day': 0, 'hour': 8, 'minute': 0}, 'close': {'day': 0, 'hour': 17, 'minute': 0}}, {'open': {'day': 1, 'hour': 8, 'minute': 0}, 'close': {'day': 1, 'hour': 17, 'minute': 0}}, {'open': {'day': 2, 'hour': 8, 'minute': 0}, 'close': {'day': 2, 'hour': 17, 'minute': 0}}, {'open': {'day': 3, 'hour': 8, 'minute': 0}, 'close': {'day': 3, 'hour': 17, 'minute': 0}}, {'open': {'day': 4, 'hour': 8, 'minute': 0}, 'close': {'day': 4, 'hour': 17, 'minute': 0}}, {'open': {'day': 5, 'hour': 8, 'minute': 0}, 'close': {'day': 5, 'hour': 17, 'minute': 0}}, {'open': {'day': 6, 'hour': 8, 'minute': 0}, 'close': {'day': 6, 'hour': 17, 'minute': 0}}]",,ChIJ1are2e3saS4Rj6axmlXW91o,,https://maps.google.com/?cid=6554943445816944271,JAKARTA TIMUR - 5254864071202701311
Makmur Jaya Motor,car_repair,-6.3500374,106.8769107,"Jl. Lap. Tembak No.6 5, RT.5/RW.4, Cibubur, Kec. Ciracas, Kota Jakarta Timur, Daerah Khusus Ibukota Jakarta 13720, Indonesia",OPERATIONAL,"['car_repair', 'point_of_interest', 'establishment']",,4.9,,14,"[{'open': {'day': 0, 'hour': 9, 'minute': 0}, 'close': {'day': 0, 'hour': 20, 'minute': 0}}, {'open': {'day': 1, 'hour': 9, 'minute': 0}, 'close': {'day': 1, 'hour': 20, 'minute': 0}}, {'open': {'day': 2, 'hour': 9, 'minute': 0}, 'close': {'day': 2, 'hour': 20, 'minute': 0}}, {'open': {'day': 3, 'hour': 9, 'minute': 0}, 'close': {'day': 3, 'hour': 20, 'minute': 0}}, {'open': {'day': 4, 'hour': 9, 'minute': 0}, 'close': {'day': 4, 'hour': 20, 'minute': 0}}, {'open': {'day': 5, 'hour': 9, 'minute': 0}, 'close': {'day': 5, 'hour': 20, 'minute': 0}}, {'open': {'day': 6, 'hour': 9, 'minute': 0}, 'close': {'day': 6, 'hour': 20, 'minute': 0}}]",,ChIJaSZy3-_saS4Rn07rfLc3XgM,,https://maps.google.com/?cid=242692691138924191,JAKARTA TIMUR - 5254864071202701311
Pos Service AHASS Mantab Sejahtera,car_repair,-6.3394686,106.88197439999999,"MV6J+6Q9, Jl. Raya Pkp, RT.6/RW.8, Klp. Dua Wetan, Kec. Ciracas, Kota Jakarta Timur, Daerah Khusus Ibukota Jakarta 13730, Indonesia",OPERATIONAL,"['car_repair', 'point_of_interest', 'establishment']",,4.9,,8,,0812-8754-9294,ChIJwaA1wuPtaS4RVA4YK8PXoyo,,https://maps.google.com/?cid=3072536604038401620,JAKARTA TIMUR - 5254864071202701311
MAC (Mercy Auto Center),car_repair,-6.3518905000000006,106.8894119,"Jl. Lap. Tembak No.56 3, RT.3/RW.7, Klp. Dua Wetan, Kec. Ciracas, Kota Jakarta Timur, Daerah Khusus Ibukota Jakarta 13730, Indonesia",OPERATIONAL,"['car_repair', 'point_of_interest', 'establishment']",,4.2,,42,"[{'open': {'day': 1, 'hour': 8, 'minute': 0}, 'close': {'day': 1, 'hour': 17, 'minute': 0}}, {'open': {'day': 2, 'hour': 8, 'minute': 0}, 'close': {'day': 2, 'hour': 17, 'minute': 0}}, {'open': {'day': 3, 'hour': 8, 'minute': 0}, 'close': {'day': 3, 'hour': 17, 'minute': 0}}, {'open': {'day': 4, 'hour': 8, 'minute': 0}, 'close': {'day': 4, 'hour': 17, 'minute': 0}}, {'open': {'day': 5, 'hour': 8, 'minute': 0}, 'close': {'day': 5, 'hour': 17, 'minute': 0}}, {'open': {'day': 6, 'hour': 8, 'minute': 0}, 'close': {'day': 6, 'hour': 17, 'minute': 0}}]",(021) 87733029,ChIJU269P5jsaS4Rg-grCGFnDlQ,,https://maps.google.com/?cid=6056892215306479747,JAKARTA TIMUR - 5254864071202701311
Car Interior,car_repair,-6.3172051,106.88095249999999,"Jl. Pengantin Ali No.34C, RT.12/RW.6, Rambutan, Kec. Ciracas, Kota Jakarta Timur, Daerah Khusus Ibukota Jakarta 13740, Indonesia",OPERATIONAL,"['car_repair', 'point_of_interest', 'establishment']",,4.7,,10,"[{'open': {'day': 0, 'hour': 9, 'minute': 0}, 'close': {'day': 0, 'hour': 17, 'minute': 0}}, {'open': {'day': 1, 'hour': 0, 'minute': 0}, 'close': {'day': 0, 'hour': 0, 'minute': 0}}]",0815-9545-155,ChIJy_UFo3btaS4RIEdblwH_bME,,https://maps.google.com/?cid=13937795329104234272,JAKARTA TIMUR - 5254864071169146879
Garage Madnur,car_repair,-6.3178322000000007,106.8836632,"Gg. Bungur XII No.6, RW.6, Rambutan, Kec. Ciracas, Kota Jakarta Timur, Daerah Khusus Ibukota Jakarta 13830, Indonesia",OPERATIONAL,"['car_repair', 'point_of_interest', 'establishment']",,4.7,,9,,,ChIJFRlnPa3taS4RrSpLcm_yBsQ,,https://maps.google.com/?cid=14125243841766959789,JAKARTA TIMUR - 5254864071169146879
Bengkel Mobil WJM (Yanto),car_repair,-6.3461653,106.88934990000001,"Jl. Raya Klp. Dua Wetan Gg. Pijar No.43 5, RT.5/RW.7, Klp. Dua Wetan, Kec. Ciracas, Kota Jakarta Timur, Daerah Khusus Ibukota Jakarta 13730, Indonesia",OPERATIONAL,"['car_repair', 'point_of_interest', 'establishment']",,4.7,,26,"[{'open': {'day': 1, 'hour': 8, 'minute': 0}, 'close': {'day': 1, 'hour': 18, 'minute': 0}}, {'open': {'day': 2, 'hour': 8, 'minute': 0}, 'close': {'day': 2, 'hour': 18, 'minute': 0}}, {'open': {'day': 3, 'hour': 8, 'minute': 0}, 'close': {'day': 3, 'hour': 18, 'minute': 0}}, {'open': {'day': 4, 'hour': 8, 'minute': 0}, 'close': {'day': 4, 'hour': 18, 'minute': 0}}, {'open': {'day': 5, 'hour': 8, 'minute': 0}, 'close': {'day': 5, 'hour': 18, 'minute': 0}}, {'open': {'day': 6, 'hour': 8, 'minute': 0}, 'close': {'day': 6, 'hour': 18, 'minute': 0}}]",0882-1064-1225,ChIJ0-lGxYDtaS4RoCc9HhMR1x8,https://www.instagram.com/wanggenjayamotor?igsh=Nml2c2d0ODdoeXho,https://maps.google.com/?cid=2294321308977932192,JAKARTA TIMUR - 5254864071202701311
Bengkel mobil laris matic,car_repair,-6.3414047,106.8869093,"Jl. Raya Klp. Dua Wetan No.29E, Klp. Dua Wetan, Kec. Ciracas, Kota Jakarta Timur, Daerah Khusus Ibukota Jakarta 13730, Indonesia",OPERATIONAL,"['car_repair', 'point_of_interest', 'establishment']",,4.7,,18,"[{'open': {'day': 1, 'hour': 9, 'minute': 0}, 'close': {'day': 1, 'hour': 18, 'minute': 0}}, {'open': {'day': 2, 'hour': 9, 'minute': 0}, 'close': {'day': 2, 'hour': 18, 'minute': 0}}, {'open': {'day': 3, 'hour': 9, 'minute': 0}, 'close': {'day': 3, 'hour': 18, 'minute': 0}}, {'open': {'day': 4, 'hour': 9, 'minute': 0}, 'close': {'day': 4, 'hour': 18, 'minute': 0}}, {'open': {'day': 5, 'hour': 9, 'minute': 0}, 'close': {'day': 5, 'hour': 18, 'minute': 0}}, {'open': {'day': 6, 'hour': 9, 'minute': 0}, 'close': {'day': 6, 'hour': 18, 'minute': 0}}]",0813-1105-0198,ChIJ5eDsWybtaS4RlJL3b4SeXbg,,https://maps.google.com/?cid=13284948767464198804,JAKARTA TIMUR - 5254864071202701311
Bengkel AC Mobil Tri Jaya Sentosa,car_repair,-6.3568573,106.87764469999999,"Komplek Rawa Kuda Jalan Blok Duku No.28HT, RT.13/RW.10, Cibubur, Kec. Ciracas, Kota Jakarta Timur, Daerah Khusus Ibukota Jakarta 13720, Indonesia",OPERATIONAL,"['car_repair', 'general_contractor', 'point_of_interest', 'establishment']",,4.7,,168,"[{'open': {'day': 0, 'hour': 0, 'minute': 0}}]",0811-8132-354,ChIJo2bViFLtaS4RJ8NmiQghMow,https://trijayaacmobil.com/,https://maps.google.com/?cid=10102173234694112039,JAKARTA TIMUR - 5254864071202701311
Bengkel 24jam terdekat,car_repair,-6.344924,106.88829100000001,"Jl. Raya Klp. Dua Wetan No.29, RT.4/RW.1, Klp. Dua Wetan, Kec. Ciracas, Kota Jakarta Timur, Daerah Khusus Ibukota Jakarta 13730, Indonesia",OPERATIONAL,"['car_repair', 'point_of_interest', 'establishment']",,4.7,,6,"[{'open': {'day': 0, 'hour': 0, 'minute': 0}}]",0813-8961-4602,ChIJh3RcVGntaS4Rx9YK0dakWPk,,https://maps.google.com/?cid=17967291955931698887,JAKARTA TIMUR - 5254864071202701311
Bengkel mobil,car_repair,-6.352001,106.8928346,"Jln jankes Ad rt 01 /01 no 37, Munjul, Kec. Cipayung, Jakarta, Daerah Khusus Ibukota Jakarta 13750, Indonesia",OPERATIONAL,"['car_repair', 'point_of_interest', 'establishment']",,4.7,,17,"[{'open': {'day': 0, 'hour': 8, 'minute': 0}, 'close': {'day': 0, 'hour': 19, 'minute': 15}}, {'open': {'day': 1, 'hour': 8, 'minute': 0}, 'close': {'day': 1, 'hour': 19, 'minute': 15}}, {'open': {'day': 2, 'hour': 8, 'minute': 0}, 'close': {'day': 2, 'hour': 19, 'minute': 15}}, {'open': {'day': 3, 'hour': 8, 'minute': 0}, 'close': {'day': 3, 'hour': 19, 'minute': 15}}, {'open': {'day': 4, 'hour': 8, 'minute': 0}, 'close': {'day': 4, 'hour': 19, 'minute': 15}}, {'open': {'day': 5, 'hour': 8, 'minute': 0}, 'close': {'day': 5, 'hour': 19, 'minute': 15}}, {'open': {'day': 6, 'hour': 8, 'minute': 0}, 'close': {'day': 6, 'hour': 19, 'minute': 15}}]",,ChIJAfPdBfvtaS4RqFRSD2hQ6rs,,https://maps.google.com/?cid=13540723637506692264,JAKARTA TIMUR - 5254864071202701311
Bengkel Cat mobil mas Bangun,car_repair,-6.3397397999999994,106.88121009999999,"Jl. Raya Pkp No.10, RT.8/RW.8, Klp. Dua Wetan, Kec. Ciracas, Kota Jakarta Timur, Daerah Khusus Ibukota Jakarta 13730, Indonesia",OPERATIONAL,"['car_repair', 'point_of_interest', 'establishment']",,4.7,,15,"[{'open': {'day': 0, 'hour': 9, 'minute': 0}, 'close': {'day': 0, 'hour': 17, 'minute': 0}}, {'open': {'day': 1, 'hour': 8, 'minute': 0}, 'close': {'day': 1, 'hour': 17, 'minute': 0}}, {'open': {'day': 2, 'hour': 8, 'minute': 0}, 'close': {'day': 2, 'hour': 17, 'minute': 0}}, {'open': {'day': 3, 'hour': 8, 'minute': 0}, 'close': {'day': 3, 'hour': 17, 'minute': 0}}, {'open': {'day': 4, 'hour': 8, 'minute': 0}, 'close': {'day': 4, 'hour': 17, 'minute': 0}}, {'open': {'day': 5, 'hour': 8, 'minute': 0}, 'close': {'day': 5, 'hour': 17, 'minute': 0}}, {'open': {'day': 6, 'hour': 9, 'minute': 0}, 'close': {'day': 6, 'hour': 17, 'minute': 0}}]",0857-8343-4479,ChIJcxajSOLsaS4Rb1U1opKzhOA,,https://maps.google.com/?cid=16178253203789665647,JAKARTA TIMUR - 5254864071202701311
Toko aki Cipayung Jaktim,auto_parts_store,-6.3225902,106.8884945,"Jl. Kartika Raya, Ceger, Kec. Cipayung, Kota Jakarta Timur, Daerah Khusus Ibukota Jakarta 13820, Indonesia",OPERATIONAL,"['auto_parts_store', 'car_repair', 'point_of_interest', 'store', 'establishment']",,5.0,,2,"[{'open': {'day': 0, 'hour': 0, 'minute': 0}}]",0896-4452-6623,ChIJa2sQZDn3aS4Raanh4-LJH5Y,https://wa.me/+6289644526623,https://maps.google.com/?cid=10817586806290229609,JAKARTA TIMUR - 5254864071169146879
Spare Part Copotan Mobil Bekas Original,auto_parts_store,-6.3157831,106.8959072,"Jl. Raya Ceger, Ceger, Kec. Cipayung, Kota Jakarta Timur, Daerah Khusus Ibukota Jakarta 13820, Indonesia",OPERATIONAL,"['auto_parts_store', 'car_repair', 'point_of_interest', 'store', 'establishment']",,5.0,,11,"[{'open': {'day': 0, 'hour': 9, 'minute': 0}, 'close': {'day': 0, 'hour': 22, 'minute': 30}}, {'open': {'day': 1, 'hour': 9, 'minute': 0}, 'close': {'day': 1, 'hour': 22, 'minute': 0}}, {'open': {'day': 2, 'hour': 9, 'minute': 0}, 'close': {'day': 2, 'hour': 22, 'minute': 0}}, {'open': {'day': 3, 'hour': 9, 'minute': 0}, 'close': {'day': 3, 'hour': 23, 'minute': 0}}, {'open': {'day': 4, 'hour': 9, 'minute': 0}, 'close': {'day': 4, 'hour': 22, 'minute': 0}}, {'open': {'day': 5, 'hour': 9, 'minute': 0}, 'close': {'day': 5, 'hour': 21, 'minute': 0}}, {'open': {'day': 6, 'hour': 9, 'minute': 0}, 'close': {'day': 6, 'hour': 22, 'minute': 0}}]",0878-8882-0186,ChIJ-aa99obtaS4RiJk4xFmG3Lc,https://jual-belimobiltua.blogspot.com/?m=1,https://maps.google.com/?cid=13248611923919411592,JAKARTA TIMUR - 5254864071169146879
Ajip suspension,auto_parts_store,-6.3314005,106.8865247,"Jl. Raya Ciracas No.1, RT.3/RW.4, Klp. Dua Wetan, Kec. Ciracas, Kota Jakarta Timur, Daerah Khusus Ibukota Jakarta 13730, Indonesia",OPERATIONAL,"['auto_parts_store', 'car_repair', 'store', 'point_of_interest', 'establishment']",,5.0,,11,"[{'open': {'day': 0, 'hour': 7, 'minute': 30}, 'close': {'day': 0, 'hour': 17, 'minute': 30}}, {'open': {'day': 1, 'hour': 7, 'minute': 30}, 'close': {'day': 1, 'hour': 17, 'minute': 30}}, {'open': {'day': 2, 'hour': 7, 'minute': 30}, 'close': {'day': 2, 'hour': 17, 'minute': 30}}, {'open': {'day': 3, 'hour': 7, 'minute': 30}, 'close': {'day': 3, 'hour': 17, 'minute': 30}}, {'open': {'day': 4, 'hour': 7, 'minute': 30}, 'close': {'day': 4, 'hour': 17, 'minute': 30}}, {'open': {'day': 5, 'hour': 7, 'minute': 30}, 'close': {'day': 5, 'hour': 17, 'minute': 30}}, {'open': {'day': 6, 'hour': 7, 'minute': 30}, 'close': {'day': 6, 'hour': 17, 'minute': 30}}]",0881-8870-223,ChIJR1B9pnntaS4RX3RRan3Cw40,https://www.facebook.com/bengkel.per.9,https://maps.google.com/?cid=10215222223716840543,JAKARTA TIMUR - 5254864071169146879
CSA Garage,auto_parts_store,-6.336260900000001,106.88999629999999,"timur, Jl. Ali Jl. Kav. Dki I No.46, RT.08/01/RW.1, Cipayung, Kec. Cipayung, Kota Jakarta Timur, Daerah Khusus Ibukota Jakarta 13840, Indonesia",OPERATIONAL,"['auto_parts_store', 'car_repair', 'store', 'point_of_interest', 'establishment']",,5.0,,1,,0812-8303-7022,ChIJ6dgvULeNaS4RnG-uGr3u9hM,,https://maps.google.com/?cid=1438599626955321244,JAKARTA TIMUR - 5254864071169146879
Basecamp Battery 2,auto_parts_store,-6.3223376999999994,106.8770541,"Dekat Alfa Midi, Jl. Raya Centex, Ciracas, Kec. Ciracas, Kota Jakarta Timur, Daerah Khusus Ibukota Jakarta 13740, Indonesia",OPERATIONAL,"['auto_parts_store', 'car_repair', 'store', 'point_of_interest', 'establishment']",,5.0,,8,"[{'open': {'day': 0, 'hour': 8, 'minute': 0}, 'close': {'day': 0, 'hour': 22, 'minute': 0}}, {'open': {'day': 1, 'hour': 8, 'minute': 0}, 'close': {'day': 1, 'hour': 22, 'minute': 0}}, {'open': {'day': 2, 'hour': 8, 'minute': 0}, 'close': {'day': 2, 'hour': 22, 'minute': 0}}, {'open': {'day': 3, 'hour': 8, 'minute': 0}, 'close': {'day': 3, 'hour': 22, 'minute': 0}}, {'open': {'day': 4, 'hour': 8, 'minute': 0}, 'close': {'day': 4, 'hour': 22, 'minute': 0}}, {'open': {'day': 5, 'hour': 8, 'minute': 0}, 'close': {'day': 5, 'hour': 22, 'minute': 0}}, {'open': {'day': 6, 'hour': 8, 'minute': 0}, 'close': {'day': 6, 'hour': 22, 'minute': 0}}]",0821-4000-0994,ChIJHSj44oHtaS4R5XeWjLF72x0,https://basecampbattery.com/,https://maps.google.com/?cid=2151449249497642981,JAKARTA TIMUR - 5254864071169146879
AR PARTS SUSPENSION,auto_parts_store,-6.3418665,106.89229519999999,"Jl. Malaka No.5, RT.5/RW.4, Munjul, Kec. Cipayung, Kota Jakarta Timur, Daerah Khusus Ibukota Jakarta 13850, Indonesia",OPERATIONAL,"['auto_parts_store', 'car_repair', 'store', 'point_of_interest', 'establishment']",,5.0,,15,"[{'open': {'day': 0, 'hour': 0, 'minute': 0}}]",0831-2366-9312,ChIJ7WjXIGDtaS4RJKIJ55t7QnY,,https://maps.google.com/?cid=8521509354464715300,JAKARTA TIMUR - 5254864071202701311
Al Fatih Per,auto_parts_store,-6.3525009999999993,106.882115,"Jl. Cibubur VIII No.15 1, RT.1/RW.9, Cibubur, Kec. Ciracas, Kota Jakarta Timur, Daerah Khusus Ibukota Jakarta 13720, Indonesia",OPERATIONAL,"['auto_parts_store', 'car_repair', 'store', 'point_of_interest', 'establishment']",,5.0,,7,"[{'open': {'day': 0, 'hour': 0, 'minute': 0}}]",0882-1196-3736,ChIJg7cjRuvtaS4RA8KqOKmdC-A,,https://maps.google.com/?cid=16144170639365423619,JAKARTA TIMUR - 5254864071202701311
PURBA JAYA BAN,auto_parts_store,-6.332551500000001,106.89016389999999,"Jl. Cipayung Raya No.5 2B, RT.5/RW.1, Cipayung, Kec. Cipayung, Kota Jakarta Timur, Daerah Khusus Ibukota Jakarta 13840, Indonesia",OPERATIONAL,"['auto_parts_store', 'car_repair', 'store', 'point_of_interest', 'establishment']",,4.8,,5,,,ChIJRU3jGQDtaS4RL3IFmAq9nNg,,https://maps.google.com/?cid=15608558261757112879,JAKARTA TIMUR - 5254864071169146879
BABEH PER,auto_parts_store,-6.3516409,106.8792871,"Jl. Lap. Tembak No.30 7, RT.7/RW.4, Cibubur, Kec. Ciracas, Kota Jakarta Timur, Daerah Khusus Ibukota Jakarta 13720, Indonesia",OPERATIONAL,"['auto_parts_store', 'car_repair', 'point_of_interest', 'store', 'establishment']",,4.1,,20,"[{'open': {'day': 0, 'hour': 8, 'minute': 0}, 'close': {'day': 0, 'hour': 17, 'minute': 30}}, {'open': {'day': 1, 'hour': 8, 'minute': 0}, 'close': {'day': 1, 'hour': 17, 'minute': 30}}, {'open': {'day': 2, 'hour': 8, 'minute': 0}, 'close': {'day': 2, 'hour': 17, 'minute': 30}}, {'open': {'day': 3, 'hour': 8, 'minute': 0}, 'close': {'day': 3, 'hour': 17, 'minute': 30}}, {'open': {'day': 4, 'hour': 8, 'minute': 0}, 'close': {'day': 4, 'hour': 17, 'minute': 30}}, {'open': {'day': 5, 'hour': 8, 'minute': 0}, 'close': {'day': 5, 'hour': 17, 'minute': 30}}, {'open': {'day': 6, 'hour': 8, 'minute': 0}, 'close': {'day': 6, 'hour': 17, 'minute': 30}}]",0859-3047-1420,ChIJ6Yw0ktvtaS4RvJVZ1Ra82vM,,https://maps.google.com/?cid=17571563702394131900,JAKARTA TIMUR - 5254864071202701311
SERVIS KAKI KAKI MOBIL P13 (Terima panggilan),auto_parts_store,-6.3354379,106.89006309999999,"Jl. Kav. Dki I, RT.16/RW.1, Cipayung, Kec. Cipayung, Kota Jakarta Timur, Daerah Khusus Ibukota Jakarta 13840, Indonesia",OPERATIONAL,"['auto_parts_store', 'car_repair', 'store', 'point_of_interest', 'establishment']",,4.9,,111,"[{'open': {'day': 0, 'hour': 8, 'minute': 0}, 'close': {'day': 0, 'hour': 20, 'minute': 0}}, {'open': {'day': 1, 'hour': 8, 'minute': 0}, 'close': {'day': 1, 'hour': 20, 'minute': 0}}, {'open': {'day': 2, 'hour': 8, 'minute': 0}, 'close': {'day': 2, 'hour': 20, 'minute': 0}}, {'open': {'day': 3, 'hour': 8, 'minute': 0}, 'close': {'day': 3, 'hour': 20, 'minute': 0}}, {'open': {'day': 4, 'hour': 8, 'minute': 0}, 'close': {'day': 4, 'hour': 20, 'minute': 0}}, {'open': {'day': 5, 'hour': 9, 'minute': 0}, 'close': {'day': 5, 'hour': 17, 'minute': 0}}, {'open': {'day': 6, 'hour': 8, 'minute': 0}, 'close': {'day': 6, 'hour': 20, 'minute': 0}}]",0882-1196-3736,ChIJOUtYnXztaS4Rkyp18qetDH8,,https://maps.google.com/?cid=9154883079376284307,JAKARTA TIMUR - 5254864071169146879
faozan sparepart mobil,auto_parts_store,-6.3424647,106.8916192,"sparepart mobil samping, Gg. H. Acep Jl. Malaka No.6 5, RT.5/RW.4, Munjul, Kec. Cipayung, Kota Jakarta Timur, Daerah Khusus Ibukota Jakarta 13840, Indonesia",OPERATIONAL,"['auto_parts_store', 'car_repair', 'point_of_interest', 'store', 'establishment']",,4.9,,7,"[{'open': {'day': 0, 'hour': 8, 'minute': 0}, 'close': {'day': 0, 'hour': 17, 'minute': 0}}, {'open': {'day': 1, 'hour': 8, 'minute': 0}, 'close': {'day': 1, 'hour': 17, 'minute': 0}}, {'open': {'day': 2, 'hour': 8, 'minute': 0}, 'close': {'day': 2, 'hour': 17, 'minute': 0}}, {'open': {'day': 3, 'hour': 8, 'minute': 0}, 'close': {'day': 3, 'hour': 17, 'minute': 0}}, {'open': {'day': 4, 'hour': 8, 'minute': 0}, 'close': {'day': 4, 'hour': 17, 'minute': 0}}, {'open': {'day': 5, 'hour': 8, 'minute': 0}, 'close': {'day': 5, 'hour': 17, 'minute': 0}}, {'open': {'day': 6, 'hour': 8, 'minute': 0}, 'close': {'day': 6, 'hour': 17, 'minute': 0}}]",0812-8577-7323,ChIJkxmX0N3saS4Rxa7PEeodies,,https://maps.google.com/?cid=16972129561880800965,JAKARTA TIMUR - 5254864071202701311
TR Special Parts,sporting_goods_store,-6.3411586,106.87897960000001,"Jl. Manunggal Raya, RT.9/RW.12, Klp. Dua Wetan, Kec. Ciracas, Kota Jakarta Timur, Daerah Khusus Ibukota Jakarta 13740, Indonesia",OPERATIONAL,"['auto_parts_store', 'sporting_goods_store', 'car_repair', 'point_of_interest', 'store', 'establishment']",,4.2,,5,"[{'open': {'day': 1, 'hour': 0, 'minute': 0}, 'close': {'day': 0, 'hour': 0, 'minute': 0}}]",0822-8234-0401,ChIJmU2NU4vtaS4Rng8dG-EAAXk,http://instagram.com/tr_specialparts,https://maps.google.com/?cid=8719251320388521886,JAKARTA TIMUR - 5254864071202701311